id,first_name,last_name,email,gender,department
f99eb158-a927-4c54-96ac-2fc8e5dd5791,Kendrick,Wye,kwye0@behance.net,M,Legal
c51667ad-74e0-4c37-b69c-b04853fc2f2d,Matilde,Maddin,mmaddin1@bluehost.com,F,Legal
ca933e2a-3a16-459e-887d-95b6b5ba5b3b,Glori,D'Aeth,gdaeth2@nhs.uk,F,Support
d2a51854-ce30-4c1e-8dba-04fa5b575d0d,Maurise,Few,mfew3@bloomberg.com,M,Product Management
8f5669bc-af80-4c67-861d-d4b9fb70ef0f,Felecia,Maxwell,fmaxwell4@zdnet.com,F,Product Management
edbc1fc5-1577-42e7-8235-382fe0dc455b,Fiona,Pavlik,fpavlik5@craigslist.org,F,Business Development
f0d686e0-ce77-4740-981b-19590bb2970f,Tymothy,Reskelly,treskelly6@shutterfly.com,M,Sales
8b8a6e6c-6aa7-4913-b6c4-b8da45b82bda,Cheston,Downe,cdowne7@cloudflare.com,M,Human Resources
77de9830-37f2-4946-9bd4-4d021530befb,Egor,Ivashchenko,eivashchenko8@infoseek.co.jp,M,Sales
5371ad01-ccbe-44eb-93a3-116bd6415e65,Booth,Crasswell,bcrasswell9@desdev.cn,M,Product Management
873ea21a-5a25-4327-8d31-f96fbde769b9,Osbert,La Torre,olatorrea@columbia.edu,M,Marketing
4d633809-a3cd-4b58-8d76-8467cb549f66,Douglas,Kightly,dkightlyb@myspace.com,M,Legal
c67cfc12-edc7-4c43-9c99-122f728aaca3,Bobbette,Zanneli,bzannelic@myspace.com,F,Legal
80e03b6b-af15-4806-a47e-4e47f80184b5,Randy,MacMeekan,rmacmeekand@nifty.com,F,Services
c4e75937-f09a-4e4e-8e8a-ed0b68afec5e,Genni,Cardew,gcardewe@redcross.org,F,Legal
4813cef9-cc21-417d-b077-64a1db737ed0,Abbe,Dwerryhouse,adwerryhousef@blogspot.com,F,Engineering
b19427d7-161c-4f5f-9489-bbf941aab1bc,Quentin,Isakovic,qisakovicg@nifty.com,M,Sales
31161f95-42ee-43db-892f-bb97f09f4450,Worthy,Viel,wvielh@china.com.cn,M,Research and Development
bd5702b3-49cb-40e4-8f3e-511646728394,Marje,Pontain,mpontaini@phpbb.com,F,Legal
03a2a0ee-afb6-4dfc-8fe2-e5037b7f9d5b,Reena,O'Hanlon,rohanlonj@comsenz.com,F,Accounting
a532878e-457b-4895-b84c-c5de7587b555,Lucita,Redler,lredlerk@simplemachines.org,F,Support
3eef6a91-58d6-4e45-9222-005dd915efc5,Georgena,Nettle,gnettlel@reverbnation.com,F,Business Development
d2a3d2b2-3a4f-43e1-967b-8307908a23fe,Son,Cherrett,scherrettm@ucoz.ru,M,Accounting
baf2d6d5-a1c3-4ba4-804e-9e208af65646,Sibella,Gronauer,sgronauern@ftc.gov,F,Accounting
52bdac95-9dc6-4abe-8da7-fc338914be52,Milo,Dawnay,mdawnayo@si.edu,M,Training
d179179f-8764-4d47-9558-3b1312cae507,Barrett,Jurewicz,bjurewiczp@weather.com,M,Engineering
dd16dc81-4de4-42ed-9b20-fa0802a40f62,Mirabelle,Fursland,mfurslandq@t.co,F,Legal
f3806313-b36f-48a3-ad10-ef290dc77651,Joey,Crosetti,jcrosettir@vinaora.com,F,Business Development
be4d6cb7-b790-4035-9b41-2ba58fabb4f4,Armando,Eton,aetons@sfgate.com,M,Marketing
54a58a91-ed70-42ae-9b90-d8b3e7a73096,Lindy,Swinburn,lswinburnt@behance.net,F,Human Resources
091a5cdf-eae3-4fdb-bcc9-fe3f0e254f59,Mata,Stedell,mstedellu@geocities.jp,M,Services
5d8c9c8f-2f38-41b2-974b-bf655167d854,Halli,Cord,hcordv@hostgator.com,F,Accounting
2dd04bf0-a00c-46de-97d6-3bb2c7104a76,Mufi,Tribble,mtribblew@ustream.tv,F,Human Resources
fb384dbe-04de-44ca-be2a-a4c532766c8e,Alethea,Kemmer,akemmerx@infoseek.co.jp,F,Marketing
a04fb342-de80-4905-878f-5f4e1d572784,Marylynne,Wyman,mwymany@webnode.com,F,Legal
ff6cc137-ad2f-46e3-8a89-286ea11e113e,Keenan,Oloman,kolomanz@flickr.com,M,Engineering
2546f5c0-4b48-40ea-8ac5-18def6c5c84f,Izak,Vaun,ivaun10@godaddy.com,M,Training
b6aac9aa-9a33-4b40-a230-5cb75364bf84,Garrott,Sweeny,gsweeny11@sciencedaily.com,M,Product Management
c7136cd9-2917-4f0f-ac84-5fd55ba74927,Elna,Callway,ecallway12@phpbb.com,F,Sales
ba18a6fc-5b29-449f-83df-c2af5e2f2f13,Jackqueline,Clay,jclay13@google.nl,F,Accounting
183d6b54-bb3f-499b-b7dc-2bf4df2f93c9,Ginnie,Benjafield,gbenjafield14@nationalgeographic.com,F,Business Development
438fecf2-9c98-496a-8b04-14c921915d91,Electra,Manus,emanus15@fc2.com,F,Human Resources
fc7542a8-6593-487d-97e7-076e88247fb9,Zacherie,Fundell,zfundell16@nsw.gov.au,M,Marketing
fc797c05-9684-44d2-9e26-998079b35e69,Dyana,Cockburn,dcockburn17@so-net.ne.jp,F,Human Resources
1238e886-bd2b-4421-bb8f-944d5a8471ba,Binnie,Jessett,bjessett18@netvibes.com,F,Legal
0c51a25d-7b16-4c83-83fa-6b9a80b1f414,Drusilla,Yesenin,dyesenin19@usnews.com,F,Accounting
f07e0736-514e-4904-a179-0c25c0bf32cf,Aksel,Reiling,areiling1a@omniture.com,M,Research and Development
cd5705b6-6488-4a68-99aa-d9141d04313f,Sheena,Pol,spol1b@booking.com,F,Services
cd437683-a46c-47ee-b0ef-35d5045c0e54,Krissy,Athow,kathow1c@archive.org,F,Human Resources
504a6300-bbcc-4373-8832-ba0365cea01c,Niki,Relfe,nrelfe1d@walmart.com,M,Research and Development
49d17d82-cb78-4ae7-a6f7-dc99e421db8b,Joey,Northwood,jnorthwood1e@smugmug.com,F,Training
386bdfb2-4fc0-431d-a0f7-cb3d45c46e4b,Dre,Bootman,dbootman1f@google.com.br,F,Legal
656036c9-d198-4764-8aa4-83fcf5522a6a,Alena,Joyson,ajoyson1g@woothemes.com,F,Services
238b3e4b-8539-4152-8872-cbce2f7ca174,Cozmo,Signe,csigne1h@kickstarter.com,M,Engineering
ee7d85f5-9014-4ad6-acdb-c6dfad6fe992,Berty,Zold,bzold1i@diigo.com,M,Business Development
e1730288-fd4d-4e07-8bca-37c8fea0c619,Tedman,Maynard,tmaynard1j@abc.net.au,M,Research and Development
d18e54e7-c158-4cb4-a38d-5a99c8e41c8a,Gale,Minget,gminget1k@cocolog-nifty.com,M,Support
94334a1f-11a2-4979-b3d0-0f4a619e7d6c,Wilone,Charman,wcharman1l@csmonitor.com,F,Accounting
f4df6a4f-3fb7-4cb6-a5f2-655660aed9be,Dolorita,Scuffham,dscuffham1m@netvibes.com,F,Support
2f1cfafc-c60a-4543-94f7-508a1fbbc8ab,Tann,Stokes,tstokes1n@sina.com.cn,M,Product Management
502761ad-bd79-4957-ad92-cd461c8847ee,Gillian,Groombridge,ggroombridge1o@wikispaces.com,F,Product Management
3584700d-64fa-4325-b669-fb164074dd2e,Lydia,Pellamonuten,lpellamonuten1p@dropbox.com,F,Accounting
ddab5263-da0d-4214-8627-d22047f586a1,Angele,Carlyle,acarlyle1q@flickr.com,F,Accounting
14704385-1786-4079-9bec-580e9c91969b,Leland,Bachs,lbachs1r@salon.com,F,Product Management
25392703-d95d-4668-94f2-5e1c22b91a3a,Stormie,Rebanks,srebanks1s@aol.com,F,Training
c668d128-007b-40ca-9424-c8631368a73e,Klemens,Zuann,kzuann1t@dot.gov,M,Accounting
5a227bf6-4d5a-43a4-a77f-d84c09bbff7d,Cosimo,Palombi,cpalombi1u@g.co,M,Legal
9ad37bbc-b486-4c88-84e5-73acae5fb8db,Bibby,Szymonowicz,bszymonowicz1v@icq.com,F,Engineering
6f0043d8-4d0d-4b2c-97d7-ce47a67d06be,Stevy,Milby,smilby1w@wikispaces.com,M,Support
b18bb969-e3f7-4037-ace5-75915b2daa52,Isadore,Petticrew,ipetticrew1x@addthis.com,M,Support
6ab36d53-b692-4218-acbc-8cbedf65c36d,Jeremie,Sines,jsines1y@webeden.co.uk,M,Engineering
5a016b35-ed4f-420d-99a7-0807846c4dd8,Rad,Pegram,rpegram1z@xing.com,M,Sales
c038fb7a-2938-4292-b343-85827a16dea5,Lewiss,Lawford,llawford20@google.cn,M,Business Development
487f776e-ff77-434f-9656-ce5661f5402f,Drew,Cowmeadow,dcowmeadow21@pbs.org,M,Human Resources
6c781609-0d67-4ee7-8117-181b89a50fd4,Jojo,Croson,jcroson22@sogou.com,F,Support
70d485b5-f462-4ef2-a1c1-d00468786c85,Alice,Spoor,aspoor23@wordpress.com,F,Accounting
055c29fe-af02-4f11-903d-9b3b466510b5,Loraine,Burgne,lburgne24@reddit.com,F,Legal
e9a5a284-30bf-492d-8b9e-5390476b7fa7,Jasmine,Cotterrill,jcotterrill25@51.la,F,Business Development
68f200f8-194d-40bc-bc18-25f9c9f1cca4,Sutherlan,Arnaut,sarnaut26@51.la,M,Services
2f9eb70f-b54c-43c4-97a6-695098cf266e,Darrelle,Hovard,dhovard27@archive.org,F,Engineering
b01982f3-7f17-4822-beaa-c4ceacd06cbb,Amalie,Collumbell,acollumbell28@clickbank.net,F,Product Management
0fc849df-f633-4b97-a2ca-9a383d461345,Maribel,Cancellieri,mcancellieri29@technorati.com,F,Human Resources
063070ff-ba3c-4a40-803a-58f08092e107,Pearce,Crosher,pcrosher2a@businesswire.com,M,Support
f35f33ab-af17-42b2-a50f-3d169d7285c1,Cacilia,Fullard,cfullard2b@ihg.com,F,Support
d464d2f7-a755-4edb-a5b0-87b9e2a6f2d1,Tanner,Oxshott,toxshott2c@sciencedaily.com,M,Research and Development
f8fbae3f-a38f-404c-a211-5f1669852062,Shaun,Christou,schristou2d@gmpg.org,F,Human Resources
a4e56ace-e13d-4ac4-8a5f-9fda1fffbcc4,Hettie,Cotsford,hcotsford2e@dropbox.com,F,Training
9dc45768-ec56-4db6-a135-f5e16019a7eb,Cart,Cowitz,ccowitz2f@ucla.edu,M,Research and Development
7aecadc0-c60b-4afa-b5f0-020e3e0b1606,Kimbell,Scroggins,kscroggins2g@globo.com,M,Research and Development
e1e0563b-6729-49b8-87a5-34ea961e2f80,Sibel,Bedrosian,sbedrosian2h@pinterest.com,F,Training
d1a6d689-df11-4c91-81e1-03354261aaeb,Susanne,Pervew,spervew2i@exblog.jp,F,Legal
22a953f2-3fd7-452b-81c5-f65af750dd80,Nappie,Coppins,ncoppins2j@dedecms.com,M,Research and Development
6eda3f9a-96a7-40c4-aefd-f5f74d31a924,Borg,Pawden,bpawden2k@prnewswire.com,M,Training
bd5a07fe-46f7-4292-957b-9a91ae5b0d36,Elsworth,Oehm,eoehm2l@sfgate.com,M,Sales
8f7c4e65-d918-468d-aa51-975a0228efb7,Helen,Hardwick,hhardwick2m@constantcontact.com,F,Business Development
e3a15495-86f0-4b2a-868b-accbbb7af772,Amos,Glason,aglason2n@drupal.org,M,Sales
cb23ccbc-1221-4a28-bfc4-a95e97e43391,Gilberta,Liquorish,gliquorish2o@reference.com,F,Marketing
07f1b287-3c65-409a-ab96-f9b4cf1ee6f5,Debera,Tabary,dtabary2p@reverbnation.com,F,Product Management
7802aea3-5ba8-4fc7-8f67-154b08d4b37f,Noelle,Haley,nhaley2q@va.gov,F,Support
f7328275-11fa-4956-9a68-13499c8b1c87,Roshelle,MacAirt,rmacairt2r@springer.com,F,Engineering
1341dfcf-18bf-447e-9500-ebd697a3bd6b,Liuka,Porker,lporker2s@techcrunch.com,F,Product Management
67052d4a-5c98-4892-8386-94dd9903b63c,Winny,Whitworth,wwhitworth2t@slashdot.org,M,Sales
3d8219d0-491f-4048-9bed-aa71a575ba51,Si,Knowlys,sknowlys2u@yellowpages.com,M,Accounting
3339e7f3-6627-4ccd-8f36-03b5a1c352b6,Clementina,Girardi,cgirardi2v@ihg.com,F,Product Management
2c2172ee-bb5a-49c5-9ef3-b34b2cb39b3e,Eddie,Gwatkins,egwatkins2w@360.cn,M,Research and Development
ceb37dc8-52e4-45ed-929f-2aa84209d7ce,Rooney,Godspeede,rgodspeede2x@apple.com,M,Marketing
61957f3d-4eb1-4210-8430-5e4eefa0437b,Kristin,De Vries,kdevries2y@zdnet.com,F,Marketing
44165d3b-b492-4795-bf9e-ca85ebc084f1,Giff,Risley,grisley2z@parallels.com,M,Human Resources
de2768ba-03f2-4b80-be06-7fb83708ac8e,Wendi,Pietsma,wpietsma30@seattletimes.com,F,Support
9d1b1552-cc72-417a-b873-08581439bead,Tadeo,Audus,taudus31@liveinternet.ru,M,Legal
0005af41-b2c4-4256-8535-374f965449d1,Roxi,Kille,rkille32@wordpress.org,F,Support
af2aac57-1b31-43ed-a38a-c89061fe48ae,Zaria,Treswell,ztreswell33@rambler.ru,F,Services
6bf0a8bc-3f89-46bf-bd6e-19ad8d092b2f,Tamas,Casseldine,tcasseldine34@joomla.org,M,Legal
fe4b0552-2e54-4fe6-940e-d8155c9f814c,Farra,Fassam,ffassam35@tiny.cc,F,Training
d16d3a1e-46b1-4829-8e23-f8216763a012,Demetrius,Bullier,dbullier36@istockphoto.com,M,Human Resources
4fe49634-3317-431c-b4a2-9aab944262dd,Adrien,Bosnell,abosnell37@freewebs.com,M,Support
e4b8a4e1-2cc8-41a5-8979-20a9d06629ee,Antonie,Giacomuzzo,agiacomuzzo38@nhs.uk,F,Research and Development
33c4318c-8188-4d1e-aa75-7048a070c5ca,Ania,Villaron,avillaron39@sun.com,F,Marketing
aee48f58-cfa8-436e-ab49-059c33e13ef6,Jesse,Trippick,jtrippick3a@mapy.cz,M,Training
1958741b-2eee-4fbd-830e-e3935911e909,Boyd,Singleton,bsingleton3b@google.pl,M,Services
62f6e3e5-bd99-489d-88a3-b570b831dda4,Robinette,Pringley,rpringley3c@phoca.cz,F,Accounting
54f3daec-43f9-4e55-91fd-d095906fa34f,Shermie,Nolton,snolton3d@dropbox.com,M,Marketing
8442fd71-f31c-4f32-aced-46c242381ac4,Tony,Ashbridge,tashbridge3e@tripod.com,M,Legal
016c3255-ba77-46f6-a3d6-f1fccc226a18,Jacenta,Hacksby,jhacksby3f@va.gov,F,Services
69cca842-a445-41cc-88ac-14d2e36bcfff,Codi,Thow,cthow3g@jugem.jp,M,Business Development
cd06a33d-10ad-4213-8033-0efc9fd3c2c2,Emelda,Tenbrug,etenbrug3h@xing.com,F,Sales
b67974e5-d372-48f8-88cc-4ae8ade2cdc5,Jenn,Messier,jmessier3i@miibeian.gov.cn,F,Services
4fd8ed55-d10e-4e44-b8a9-f09da940e548,Ingrid,Checci,ichecci3j@prlog.org,F,Sales
36902d17-4195-4a83-8607-c3ea08c69b83,Fulvia,Mayfield,fmayfield3k@ning.com,F,Marketing
ce17e7bc-67b6-4318-9a1e-f3db7da75e8f,Harmonia,Cabrera,hcabrera3l@cafepress.com,F,Human Resources
b0122933-0d3a-4a5e-a508-c786b5ece827,Obediah,Ellingsworth,oellingsworth3m@gizmodo.com,M,Research and Development
cb04eabc-0917-466b-871d-e0db83a8355f,Lorne,Baford,lbaford3n@msu.edu,M,Engineering
d5a25974-b122-49cf-8508-0837185013d5,Randi,Guppy,rguppy3o@macromedia.com,F,Product Management
b21736c5-9cec-4a50-9049-413a1cc56ded,Andres,Rowney,arowney3p@xinhuanet.com,M,Legal
becf4bd7-0eed-4989-b663-d9e96cee9590,Twila,Whaplington,twhaplington3q@surveymonkey.com,F,Services
c3cb553d-7ad9-4168-aff2-66e128ca27e0,Marita,Lightowler,mlightowler3r@reference.com,F,Accounting
d1271c3e-85b7-4679-9298-6a9c47183fbd,Norbie,Kix,nkix3s@google.nl,M,Marketing
d42244f2-1b7f-418a-8e2c-02c314b728ce,Thedric,Grog,tgrog3t@cisco.com,M,Marketing
1046ee0f-b50a-4d99-8ad6-423a67323d39,Kenon,Veck,kveck3u@mozilla.com,M,Research and Development
9b2d9d42-f73e-40bf-b55e-c6d27effc06a,Alonzo,Morten,amorten3v@house.gov,M,Business Development
b00211ba-34c6-44ff-95f3-a8328a96c644,Crista,Peacham,cpeacham3w@hc360.com,F,Human Resources
d666137e-7651-44d5-a1a1-2ffda34c3097,Marci,Pallin,mpallin3x@ycombinator.com,F,Marketing
898ed6eb-096d-4929-9717-6f19deed223f,Robinet,Penddreth,rpenddreth3y@sogou.com,M,Services
ddb92702-9246-47b3-b4db-c83e1a7b183d,Neysa,Looks,nlooks3z@sbwire.com,F,Engineering
dd207190-8c4f-40c1-a269-f778a6078fa1,Hilliary,Serotsky,hserotsky40@fema.gov,F,Accounting
2ef227f2-3870-4594-93db-663aacec5676,Ron,Cartmel,rcartmel41@google.com,M,Engineering
fb12c68a-2469-4d52-b762-fbd7a56407c9,Thaddus,Clemmitt,tclemmitt42@buzzfeed.com,M,Support
9ff236d0-57b1-41bd-9150-d0a5746475af,Ashlie,Gyurko,agyurko43@edublogs.org,F,Accounting
ab1e437d-4960-4e19-950b-320159ee123c,Gerome,Aprahamian,gaprahamian44@weibo.com,M,Business Development
0bcf9847-1be2-4305-84f1-cfc53993fdbf,Boy,Reekie,breekie45@examiner.com,M,Support
4ca066ce-f121-44fa-90cd-c06edd972948,Berte,Childers,bchilders46@rambler.ru,F,Legal
7756ca80-4c5a-46c7-bdbf-d5d7b853947f,Rodrick,Culross,rculross47@deliciousdays.com,M,Marketing
0ed4e5fc-2692-4910-895b-e0fee0d76ae9,Clyde,Christoffe,cchristoffe48@diigo.com,M,Accounting
af692ff5-1a01-4911-8170-6403a337237b,Baryram,Broggio,bbroggio49@mashable.com,M,Support
8bab4f21-e658-408a-ad7d-f8bad74eca04,Thedrick,Hindrich,thindrich4a@telegraph.co.uk,M,Legal
509602fd-936d-49c3-bb85-fed4699f5489,Orlando,Matzkaitis,omatzkaitis4b@pcworld.com,M,Business Development
5532f5ca-c11f-4956-994b-6b055b617dff,Bryant,Antonignetti,bantonignetti4c@samsung.com,M,Support
b283ca13-2f2e-47c0-b646-f47fe2a20c6c,Pablo,Everson,peverson4d@army.mil,M,Business Development
662f7d2c-6487-4e24-94ab-bcca0d7fd906,Kelby,MacAulay,kmacaulay4e@cam.ac.uk,M,Legal
8354d73d-c494-43bb-ac4c-491e4f1caa99,Nana,Allbut,nallbut4f@gravatar.com,F,Human Resources
a0adf5a1-fab8-4604-9ffa-5e4479e575eb,Oralee,Cashin,ocashin4g@360.cn,F,Engineering
316f53d5-5541-4e99-a365-d4bf7d7f19af,Tracey,Shelper,tshelper4h@soup.io,M,Accounting
685cd8d4-23e6-4455-8ffc-88985614ccb9,Bart,Aggiss,baggiss4i@meetup.com,M,Human Resources
df7ff6c7-c335-4fc6-a4b9-09c76958dba4,Tuckie,Dohrmann,tdohrmann4j@nhs.uk,M,Legal
6c7c3171-8026-4ec4-9dfd-16b7c898b182,Hendrick,Dawbury,hdawbury4k@foxnews.com,M,Services
307dbc9c-15e0-4566-97de-592dca190e01,Herta,Kinneally,hkinneally4l@exblog.jp,F,Support
c9f40fb0-0fec-4de8-b3a8-ccacdd840f6d,Codie,Fetherston,cfetherston4m@wunderground.com,M,Human Resources
ba55071b-49cc-447e-a5e2-964cbbb7b186,Marcella,Littledike,mlittledike4n@npr.org,F,Research and Development
b3e16a15-2f08-4ce7-9436-c0a7b2969d15,Laural,Castiblanco,lcastiblanco4o@businessinsider.com,F,Marketing
ca4abac2-cbf2-4e86-8848-a2fd1e969ff9,Tally,Yanin,tyanin4p@rediff.com,M,Human Resources
c6d38cc7-65d4-4a19-9ab8-8d058f2d2015,Morlee,Franck,mfranck4q@aol.com,M,Business Development
6be77a22-ac1b-4ce5-9e37-5da0d05c6cd7,Rania,Huntingford,rhuntingford4r@dell.com,F,Legal
16463658-4549-4bd6-a6f7-cc57a2967bfb,Gaylene,Reeme,greeme4s@epa.gov,F,Product Management
01c52c02-8151-49a8-9603-238cefad404c,Taddeo,Streak,tstreak4t@google.com,M,Business Development
fb910ab4-53d1-42cd-84c8-da6a7e2d58b8,Agnese,Duffield,aduffield4u@networkadvertising.org,F,Research and Development
b7ee2bae-11d6-498e-94da-da3dcd60e831,Bria,Heffernon,bheffernon4v@nymag.com,F,Support
adc925a7-9744-478b-83bb-ccafac70b753,Sheffield,Handasyde,shandasyde4w@yolasite.com,M,Services
6ce0d499-dfed-4182-bd89-2e82325e8aea,Kissiah,Chaters,kchaters4x@angelfire.com,F,Accounting
e9c5875e-d528-4c18-92ab-8f01a08f7f2b,Danyette,Normant,dnormant4y@mediafire.com,F,Support
db7f5290-d231-4146-8ae1-5c82573cb6e1,Otes,Henrys,ohenrys4z@cdc.gov,M,Product Management
2e815608-9c34-4668-b50d-120dbe633754,Meghann,Minillo,mminillo50@prnewswire.com,F,Services
7ab62317-56b7-4ed3-a894-bade1be4e80e,Almire,Pirelli,apirelli51@stumbleupon.com,F,Accounting
cda49b01-9a90-4a51-9465-23b27b7a907f,Gardie,Maddrah,gmaddrah52@vk.com,M,Business Development
654d732d-8b04-4a6a-9dc2-fc292215485c,Erika,Tuttiett,etuttiett53@webs.com,F,Human Resources
acf95622-d466-4745-b6f3-cdbac161dcd3,Maxwell,Tonner,mtonner54@hubpages.com,M,Product Management
4633995a-c810-46ce-938b-753729e768fd,Izzy,Roseby,iroseby55@yandex.ru,M,Business Development
c47136d6-a00e-4d0a-acc7-e6cdd702c384,Oneida,Reading,oreading56@trellian.com,F,Marketing
d6800ce9-88cb-4d34-9953-31d32f4c1113,Franzen,Biggs,fbiggs57@tamu.edu,M,Research and Development
40a1af49-3ea1-4abc-acaa-844c698162f6,Paulita,Greening,pgreening58@tmall.com,F,Human Resources
43b69694-73ef-437f-b5a5-0fd7b5b71123,Hamish,Scoles,hscoles59@bing.com,M,Services
b078b5fc-45e3-4a59-8670-419af03ad1e5,Mickey,Mustin,mmustin5a@mtv.com,M,Accounting
cc57e7ea-8809-4456-81fd-73b49a632c04,Sonia,Fossick,sfossick5b@multiply.com,F,Legal
53ca838d-ad59-4dde-91a7-23bc1d58cae5,Winne,Stoffer,wstoffer5c@bloglovin.com,F,Product Management
5a30aa5f-fcef-444a-affb-316bde096390,Mendie,Cantrell,mcantrell5d@elegantthemes.com,M,Support
80b45c7c-547c-4fc5-a42d-ae8b31f39a4b,Daffi,Colthurst,dcolthurst5e@biblegateway.com,F,Support
61f06bba-7faf-4f8e-9a48-8092c9aa66ad,Trev,McCudden,tmccudden5f@bluehost.com,M,Services
715daab6-b4f1-45d8-a407-fa732c65dc9c,Heather,Stedmond,hstedmond5g@wordpress.org,F,Training
ab9583a7-c212-4a34-a6a8-20446e72059d,Clevie,Vant,cvant5h@1und1.de,M,Human Resources
d809e741-78c9-4651-8b45-119920398a7c,Margalit,Lindop,mlindop5i@soup.io,F,Research and Development
3c2ac2bd-de79-43b1-91ac-64fbe18b41a0,Christye,Howles,chowles5j@parallels.com,F,Support
8583a453-5ece-413f-8260-27f614fc41c0,Ingeborg,Ballard,iballard5k@scientificamerican.com,F,Legal
223c457c-b401-4a49-b46f-c9cf9532c77b,Celina,Cluley,ccluley5l@cdbaby.com,F,Marketing
16cf4769-7ba9-432f-ada7-9c5b91bf415e,Pammie,Pettifer,ppettifer5m@examiner.com,F,Engineering
5e56220e-57c7-41b1-acc4-5ebb61275ca2,Jana,Linton,jlinton5n@latimes.com,F,Support
30661f24-423f-4085-8f1c-7a0d20293256,Guillemette,Gwinnett,ggwinnett5o@reddit.com,F,Human Resources
8ddbcb33-e11e-44c3-a41e-b2c08ecdde80,Babette,Craigmile,bcraigmile5p@mozilla.com,F,Support
7d710008-e796-4277-9dc1-3436a3d05eed,Huntington,Sore,hsore5q@pinterest.com,M,Research and Development
d375784a-76de-4ae7-b57c-9488c4335672,Goddard,Stillert,gstillert5r@blinklist.com,M,Sales
02213dbe-e6da-450b-85eb-6656f34a37e8,Guthry,Tomisch,gtomisch5s@rediff.com,M,Support
685d1f60-4e1a-4181-86da-f9552d172eb4,Carey,Dalliwater,cdalliwater5t@wix.com,M,Marketing
1a43cd7f-5944-47b7-9be6-49f2f199e019,Dana,Splevin,dsplevin5u@msu.edu,M,Support
f7635050-11f9-4286-bf55-9e387d97e3ef,Broderick,Hymers,bhymers5v@amazonaws.com,M,Human Resources
63f7a102-e00e-46fd-83a9-7ff8eab68055,Morgun,Tomsu,mtomsu5w@techcrunch.com,M,Training
4a8e1c47-8b30-421d-a338-4f3ba497607a,Kayla,Laskey,klaskey5x@acquirethisname.com,F,Human Resources
33fd2285-f8c7-41bc-9b9b-5315269219c6,Gibb,McGooch,gmcgooch5y@is.gd,M,Engineering
d2596462-04d2-4371-986b-23d6232b5811,Kyle,Gong,kgong5z@cisco.com,M,Engineering
c945af23-a85c-4aa6-b4e9-9864d4372bf8,Marietta,Gobel,mgobel60@businesswire.com,M,Accounting
f3902551-9a12-49bf-8d02-27b9cb55d400,Harold,Malcolmson,hmalcolmson61@youtu.be,M,Support
421b1368-6dee-4ef9-af30-dbc3840b23d0,Sanderson,Crewe,screwe62@delicious.com,M,Training
0d1fd5ec-a364-4630-8e51-487afe9846f2,Anabelle,Ackhurst,aackhurst63@blinklist.com,F,Marketing
e8c2b436-85ae-4961-b97f-d5fff9cfa216,Fifine,Roskelly,froskelly64@squidoo.com,F,Sales
280e89c9-9658-42c2-aa47-f8ca9165380e,Colan,Huxtable,chuxtable65@fda.gov,M,Engineering
4693a2e3-3fb4-44fd-abc8-b839988dfec4,Saraann,Farbrace,sfarbrace66@privacy.gov.au,F,Human Resources
779af045-fb1f-40a6-9904-e93479c491db,Hewet,Deevey,hdeevey67@indiatimes.com,M,Human Resources
071a9d4d-22bc-4694-9ab0-cf30aae58270,Ernestine,Kettlewell,ekettlewell68@wired.com,F,Support
c9532fd3-a7f8-4527-b49a-d8bfd7d55cb3,Sibeal,Blaik,sblaik69@pen.io,F,Training
5efb44b1-7e09-4b6b-8065-9d089c933cc3,Olenka,Uzelli,ouzelli6a@arizona.edu,F,Support
453ed58c-9545-426d-ba2a-2014705084d6,Auroora,Colleran,acolleran6b@rediff.com,F,Services
49b44dfc-0845-4314-a6e6-441a71f96696,Goober,Farloe,gfarloe6c@pbs.org,M,Product Management
90fc95c7-9c33-430b-ab49-0c52c995344d,Dillon,Signori,dsignori6d@aboutads.info,M,Research and Development
8c90f624-baaf-4c71-8bd3-af8202759b1a,Cyrus,Fabb,cfabb6e@prnewswire.com,M,Training
9129ce34-f62f-42d0-8927-ec9b23e4f887,Janos,Vaughan-Hughes,jvaughanhughes6f@1und1.de,M,Accounting
4aaac4a7-4e1a-4cc3-b8d2-8623db924dd4,Adan,Tripony,atripony6g@fda.gov,F,Engineering
d3ec18f0-4136-4117-bc07-0967036a959d,Farrell,Harford,fharford6h@slate.com,M,Business Development
e834f349-bffb-45ad-af81-395a2b1d8570,Sergent,Crosen,scrosen6i@nationalgeographic.com,M,Marketing
1d21138d-db99-432c-bfd1-f1fe2b995f46,Gale,Walkowski,gwalkowski6j@uol.com.br,F,Research and Development
3f915baa-2803-48a1-9910-0c49503eae17,Kain,Chadwick,kchadwick6k@bandcamp.com,M,Product Management
982935e8-835a-425e-a895-f59d5dcff74f,Hastie,Pencot,hpencot6l@icq.com,M,Accounting
7fb4f147-8da8-43ab-820a-946d4c3e81ce,Der,Woolforde,dwoolforde6m@jiathis.com,M,Research and Development
65b45b10-4db9-48ec-b5fd-cdebea17c8b7,Delmer,Vittel,dvittel6n@networksolutions.com,M,Business Development
91bad7c6-d1de-47f9-be59-332a19d10a3f,Hermione,Charrier,hcharrier6o@miibeian.gov.cn,F,Marketing
96360239-8680-44a0-b25b-8967b87c7d6c,Dugald,Fehner,dfehner6p@stanford.edu,M,Services
4fd62309-2090-4f86-9148-8b805b23c83e,Felicio,Estcourt,festcourt6q@earthlink.net,M,Services
fa400346-eda8-4a8b-bc25-2bad307a2649,Tiff,Lampe,tlampe6r@senate.gov,F,Legal
80ab79c7-defb-432e-8358-7a82096d0b2a,Adriena,Manuely,amanuely6s@bbc.co.uk,F,Sales
74978052-1bdc-47b6-bf7a-e0f441f9ab25,Leigh,Dubery,ldubery6t@studiopress.com,M,Accounting
7b658887-4d39-4a30-b4bf-25158cbe0224,Lexie,Balharrie,lbalharrie6u@go.com,F,Marketing
1f6b51b6-0272-4a95-807b-57088294196b,Wallie,Petofi,wpetofi6v@walmart.com,M,Research and Development
109f4fa5-8d42-4987-af75-3fa3f8478b12,Wakefield,Hustings,whustings6w@squarespace.com,M,Marketing
ad70f35a-7dfd-46ed-b769-c64c90455bb8,Hans,Jenman,hjenman6x@meetup.com,M,Human Resources
8084f102-9ede-4a67-894d-b6eea379fbad,Godiva,Wison,gwison6y@illinois.edu,F,Engineering
03e65e83-1c23-459c-8335-600bab64d614,Radcliffe,Tresler,rtresler6z@privacy.gov.au,M,Research and Development
55776e55-970b-490a-b407-e2d38b122a41,Vern,Roelofs,vroelofs70@census.gov,M,Human Resources
38f5aea3-870a-471a-8a15-38394035bdc9,Tanney,Sperrett,tsperrett71@sbwire.com,M,Marketing
3f9912c6-d24e-4b14-a128-9d895d8b2a09,Alyosha,Carrick,acarrick72@domainmarket.com,M,Sales
17fa91a1-656f-45c0-9ae2-91487c8b003e,Vaughan,Spaxman,vspaxman73@wordpress.org,M,Training
9ceb8891-35c8-4575-9b22-0e7cf7396243,Jillana,Mc Grath,jmcgrath74@miibeian.gov.cn,F,Training
571e87e2-edb1-4b01-8762-a49df4ad4293,Prentiss,Paye,ppaye75@elegantthemes.com,M,Training
436bac9a-6ba5-4ba2-b75a-83f3a77d80b0,Bronnie,Van de Vlies,bvandevlies76@eventbrite.com,M,Marketing
4edaad42-aa6c-477f-95e0-ded66c637b1c,Ezequiel,Gellert,egellert77@ifeng.com,M,Marketing
b87feae1-6d2f-4c50-b094-7a4cce07e545,Bruis,Casajuana,bcasajuana78@omniture.com,M,Legal
32385998-8612-4261-9d27-a75fba58eac2,Edy,Roughsedge,eroughsedge79@amazon.com,F,Research and Development
0dfb3aee-59d8-47d8-a96c-de9faf1f69f6,Rodrique,Glandon,rglandon7a@squarespace.com,M,Accounting
8c729e82-b975-4873-b4d4-5165931104ac,Ethelin,Catlette,ecatlette7b@nsw.gov.au,F,Engineering
a7104b69-3710-471b-8d6e-c2397ca3d7fa,Eve,Mahaddy,emahaddy7c@miibeian.gov.cn,F,Research and Development
0258b208-1682-4638-8e69-f385f6ababa4,Esra,Riccardini,ericcardini7d@ustream.tv,M,Marketing
56929abd-0b55-44ce-bc6c-77eb95dbc3cb,Angie,Quillinane,aquillinane7e@w3.org,M,Marketing
da0acfb0-dc1a-42be-a0ee-fbcba644cb8f,Christiana,Maymand,cmaymand7f@surveymonkey.com,F,Business Development
f0237bd4-e350-4653-a83b-f0398fac61b0,Marie-jeanne,Stedman,mstedman7g@myspace.com,F,Engineering
22534d09-87bb-4766-9c9b-be1078c4617b,Janette,Campbell,jcampbell7h@upenn.edu,F,Research and Development
ca72e793-1bd8-49af-bdf2-b03d521b1597,Randall,Junifer,rjunifer7i@chron.com,M,Training
78ca77bf-870a-4bd4-a217-9866692d3abb,Luis,Ellins,lellins7j@cisco.com,M,Marketing
d8c177ec-0490-4d76-addc-734fcd27b4ab,Camala,Tokell,ctokell7k@tripadvisor.com,F,Engineering
59b8dece-bf4d-4772-95f3-559ac922a66a,Goldina,Coltan,gcoltan7l@posterous.com,F,Product Management
e1a219b2-413f-40fc-99ca-bef872ef0f14,Odille,Josowitz,ojosowitz7m@live.com,F,Services
6a5c7c8b-dc4e-4e2f-a41b-1d982db8546b,Nollie,Casillis,ncasillis7n@usnews.com,M,Marketing
44def0dc-d36e-48cb-8315-5befee158986,Land,Croker,lcroker7o@issuu.com,M,Legal
d5da18a9-9dd6-4487-827c-f1713e52bcf1,Emmalyn,Francino,efrancino7p@hexun.com,F,Training
563d188d-07e9-4a34-9e1e-44a207cb4382,Florella,Sanson,fsanson7q@about.me,F,Human Resources
e6bd03b3-3543-47e5-91e4-293852518080,Demott,Tremeer,dtremeer7r@networkadvertising.org,M,Research and Development
6c144391-e92d-4181-a2cf-c1d5eb8fa2ed,Simmonds,Nevitt,snevitt7s@posterous.com,M,Accounting
99826c0c-df25-4894-8d04-0d4167512911,Faulkner,Hammelberg,fhammelberg7t@symantec.com,M,Training
7eaa7bd4-de93-49ac-8658-ee7e8053a1ff,Arte,Selwood,aselwood7u@usgs.gov,M,Sales
7d96003f-3a3a-4474-8393-b31e5bfcdf1a,Washington,Elnor,welnor7v@devhub.com,M,Training
074df3d7-390f-46ae-ab6f-647a67dbda5c,Francklyn,Timny,ftimny7w@reference.com,M,Research and Development
0023ace9-4877-4056-9bff-b8f8962b9052,Arch,Bentje,abentje7x@webnode.com,M,Marketing
692837f5-7f4b-45bb-9539-2df2ada19ba4,Elayne,Germain,egermain7y@sakura.ne.jp,F,Sales
a7315d49-53fc-4e9b-a463-4d326ae9bc5b,Jodi,Tivenan,jtivenan7z@fema.gov,M,Legal
064092f2-ea19-4d37-a908-335519ec555a,Neill,Meddick,nmeddick80@meetup.com,M,Human Resources
545cb9fa-7a83-46cb-a104-d3d983c97e49,Job,Eannetta,jeannetta81@twitter.com,M,Legal
fc91948a-7d0e-44a6-926f-7b05da87e090,Taite,Ibbs,tibbs82@wufoo.com,M,Accounting
1cb50380-d9ae-409c-b150-4d577dcd37d1,Neddy,Silverston,nsilverston83@moonfruit.com,M,Research and Development
5a8bd623-8ac6-44fa-bc1d-6f6ae3c6d86d,Rowena,Swanborrow,rswanborrow84@oakley.com,F,Engineering
63c64043-19fa-4a02-b4bc-6335940e0743,Moyra,Snelle,msnelle85@kickstarter.com,F,Marketing
3daa81dc-5578-42a2-9ef1-aeaace05cfe6,Rhiamon,Hambling,rhambling86@icq.com,F,Research and Development
29e8f0e3-dcb5-4257-9748-05f07c9bbeb1,Matias,Potebury,mpotebury87@epa.gov,M,Training
67099882-0ce8-40ae-8453-4a35bd57c1da,Olenka,Danat,odanat88@cloudflare.com,F,Engineering
5f64aa50-b5bf-4c2c-ad4d-85bf09d7f14f,Kev,Trice,ktrice89@ca.gov,M,Engineering
0fdef91e-f20c-4b55-be3c-a1ea262c0d4f,Emmy,Arnke,earnke8a@weibo.com,F,Support
5fc93a79-81dc-4aa5-b328-a45f12ce4453,Ronald,Golightly,rgolightly8b@ameblo.jp,M,Services
3af41857-014e-4f17-8640-ff1a6d7a1e1f,Manon,Marvel,mmarvel8c@weibo.com,F,Research and Development
4034dd0f-878c-4944-b0e3-be57580a544e,Arnold,Trumper,atrumper8d@weibo.com,M,Services
9f01a62b-c5a0-49da-b9ab-df19baf25561,Stevy,Exon,sexon8e@eepurl.com,M,Legal
39514aa8-3c79-4c21-90a0-9687c6c761a7,Frieda,Souten,fsouten8f@oracle.com,F,Training
fd0391c9-7935-4e40-b9f0-2922d53c5d3b,Celesta,Collar,ccollar8g@foxnews.com,F,Sales
3a54b31b-4f0e-462a-9a1a-19d1e4c8dc9f,Malina,Henrych,mhenrych8h@businessinsider.com,F,Business Development
db961db6-2485-42d4-a232-d5afb1ff1abc,Lane,Sprosson,lsprosson8i@imdb.com,M,Business Development
da3112f2-e03c-403a-a98d-8f239e63abba,Corrianne,Denyer,cdenyer8j@mozilla.org,F,Services
cc239e2d-630b-4c86-a7fe-171733694266,Elysha,Trounson,etrounson8k@yandex.ru,F,Accounting
b9b3f122-a5dc-48da-9e5f-e9d58ff56966,Letti,Zelley,lzelley8l@uol.com.br,F,Sales
82bb543f-8656-457b-8008-4d53242ce76f,Heloise,Keneford,hkeneford8m@va.gov,F,Engineering
32753dd9-61f9-455d-b76c-287816e0a462,Mohandis,Looby,mlooby8n@arizona.edu,M,Product Management
2fc58a00-04a9-4a31-8c12-6aa71baeeeac,Helaina,Pennyman,hpennyman8o@examiner.com,F,Training
8ec27393-2973-443d-a617-946583a00a18,Candi,Grishaev,cgrishaev8p@businessweek.com,F,Product Management
3ddf5f0b-2dec-49a6-b421-cf9e2b4053a1,Vilhelmina,Curston,vcurston8q@xrea.com,F,Marketing
02ca01ab-c7f3-43e2-a4a3-f50ba4baa6c1,Isidore,Aldie,ialdie8r@illinois.edu,M,Product Management
f1adfb06-a954-48ff-87ab-86a540e81a2f,Dory,Blaise,dblaise8s@ameblo.jp,F,Legal
7624a286-9a7b-41af-b9a6-7c88f6a793ee,Helaine,Varns,hvarns8t@sakura.ne.jp,F,Sales
8ee88798-8575-4144-b789-bbfb12b16f3b,Bailey,Stiles,bstiles8u@sourceforge.net,M,Business Development
5dec033a-8579-4669-8409-9490b943e262,Humbert,Morrissey,hmorrissey8v@timesonline.co.uk,M,Engineering
3e5cbb48-0e87-4b6d-b7d0-61c7f4838cdf,Ray,Blazy,rblazy8w@wordpress.org,M,Training
9f821a1b-123e-493d-8f61-1965fe53b3bc,Vinny,Waples,vwaples8x@phpbb.com,F,Business Development
d734ac89-787c-457a-a994-dc16fc94807a,Bryanty,Dachs,bdachs8y@t.co,M,Legal
bc10ede1-90b7-4336-a589-b957a24cfa33,Diane-marie,Charlin,dcharlin8z@msu.edu,F,Accounting
dbfa37c0-e71d-4c91-970d-7a37cb3e83a7,Sigvard,Benardeau,sbenardeau90@ihg.com,M,Legal
fd685924-77f9-4e0a-8494-feb68860de46,Aline,Mougeot,amougeot91@tinypic.com,F,Legal
e922703d-536e-4170-b4d0-b8e3e05f851c,Fred,Learmont,flearmont92@pagesperso-orange.fr,M,Marketing
0ec39a89-81e7-41f5-ad05-735cd445e23b,Olivier,Meni,omeni93@ihg.com,M,Legal
42030268-34f9-4776-861d-dae56f56adfa,Kristian,Boise,kboise94@e-recht24.de,M,Business Development
d7d48368-42f7-49fc-9563-c638be745795,Rona,Rosencrantz,rrosencrantz95@reddit.com,F,Training
3525cb32-a545-41ea-ba0d-cb00c13f0538,Heindrick,Parkinson,hparkinson96@cnet.com,M,Human Resources
dc1a2883-c6a8-4433-a7db-291fd1992ebe,Clarey,Blaszczynski,cblaszczynski97@indiatimes.com,F,Business Development
c267035d-8b8a-4118-adef-d0093d4f4901,Odell,Yitzhok,oyitzhok98@odnoklassniki.ru,M,Research and Development
701ef081-ae03-4b3f-a022-8774595b410f,Bryant,Godleman,bgodleman99@360.cn,M,Engineering
62ea9a91-c573-4f63-809a-3b63664984ce,Lefty,Renshaw,lrenshaw9a@howstuffworks.com,M,Business Development
25cc5004-1391-4316-9e8c-ac019257aff8,Lenee,Batcheldor,lbatcheldor9b@skype.com,F,Product Management
a4f2d426-1720-4f79-89fc-1bd6cdf1e3e7,June,Monkleigh,jmonkleigh9c@mysql.com,F,Human Resources
89107cba-0f0c-4d01-9b7c-8dd586b6e4a1,Zola,Tyhurst,ztyhurst9d@chronoengine.com,F,Product Management
9d946591-a4f3-4255-ae05-44e753aa7086,Desmond,Powling,dpowling9e@i2i.jp,M,Human Resources
98776474-4cb7-445a-81fb-7ab10244ec8b,Eugenia,Franke,efranke9f@statcounter.com,F,Legal
f8c48020-cb73-448b-81d4-c71618a807c1,Nannette,Seyler,nseyler9g@hud.gov,F,Sales
8a246ae8-e1a7-40b3-a02b-fa7177c40cc2,Rhonda,Bulgen,rbulgen9h@people.com.cn,F,Sales
dac3c906-3641-4ce0-b445-b9e50a437336,Celestyna,Nouch,cnouch9i@arizona.edu,F,Research and Development
8db5436e-b945-4625-9e88-67f4c3f69572,Omar,Gallamore,ogallamore9j@cyberchimps.com,M,Sales
e56fdb1e-47d9-434f-9393-10734ab70714,Kevyn,Moger,kmoger9k@earthlink.net,F,Support
77e2997e-c01f-4c8e-a672-d14b852850b5,Dag,Paz,dpaz9l@addthis.com,M,Services
a13756db-0783-49e0-8b09-a7425237bbc1,Dorita,Airey,dairey9m@w3.org,F,Accounting
1bbe6724-c45a-4e6f-bc66-da0d9495f6ca,Marlie,Goulder,mgoulder9n@wordpress.com,F,Human Resources
286c0025-60ab-440a-8f95-a315c47df966,Kevon,Thairs,kthairs9o@cam.ac.uk,M,Engineering
5e0b1550-ae3c-403c-b8f2-bf4d96327416,Lacy,Gamil,lgamil9p@mail.ru,F,Engineering
67ae3f86-8221-43fb-bc4a-3ec6a713a43e,Tessi,Geroldi,tgeroldi9q@slashdot.org,F,Research and Development
78373074-78bc-406c-8993-22060d66087a,Joya,Broadbury,jbroadbury9r@desdev.cn,F,Legal
8d437332-271a-4672-ba7b-ed36736a762d,Moshe,Regglar,mregglar9s@nhs.uk,M,Research and Development
7c221a9d-b699-4fc4-a4b1-4ea01febcce5,Mack,Sitwell,msitwell9t@tmall.com,M,Engineering
8cd9d61d-4bd1-4154-b8f7-dcaaeb183809,Julieta,Rattray,jrattray9u@theglobeandmail.com,F,Marketing
e039f9af-564b-419b-8301-a81e09f01ab7,Giffer,Bodycote,gbodycote9v@pinterest.com,M,Research and Development
4b053bdd-ea43-43b0-9283-3a276f9b17d4,Stephenie,Peppin,speppin9w@ask.com,F,Training
bb8e5d4f-21bb-4ffd-bd83-71e8e968ea26,Christine,Carleton,ccarleton9x@nhs.uk,F,Marketing
e08a1e56-39ab-4837-af19-a913e0351dbc,Marthena,VanBrugh,mvanbrugh9y@wikimedia.org,F,Marketing
b11db09c-cf15-48c0-8bbc-8545e17b1629,Idaline,Ambridge,iambridge9z@walmart.com,F,Support
682932ff-c8a3-4060-a01f-dde21a992c59,Any,Jezzard,ajezzarda0@epa.gov,M,Services
f9410059-b1c0-4db5-993a-937da2344a67,Justen,Trench,jtrencha1@mediafire.com,M,Training
d53feee7-75cf-4fa1-b080-83354c0cf12e,Pegeen,Masserel,pmasserela2@rakuten.co.jp,F,Accounting
e01ec952-fd1b-4327-a95a-e1cb882e19f4,Rabi,Trubshaw,rtrubshawa3@ocn.ne.jp,M,Legal
0c6f7b1d-b669-47ff-a6d8-c7242f149adf,Merlina,Thurstance,mthurstancea4@ft.com,F,Sales
011f99ee-6adb-48ca-84df-2c9cd1716082,Iseabal,Jacobssen,ijacobssena5@google.fr,F,Legal
65bee06d-4563-4783-ac2c-1aff850a25df,Gaven,McIlmorow,gmcilmorowa6@discovery.com,M,Product Management
a20e4be9-b46e-4b13-9e0b-ef4518a6b167,Emlynn,Baillie,ebailliea7@nature.com,F,Engineering
7cf2f800-4f48-4fe9-8280-ab77626d4914,Olenolin,Manach,omanacha8@dagondesign.com,M,Research and Development
63057691-bfe0-45ba-8af1-62b1d0eaec7e,Pincas,Chantrell,pchantrella9@csmonitor.com,M,Training
39cb2f22-11bc-402b-8645-6a959a1aa15c,Elias,Marciek,emarciekaa@live.com,M,Business Development
e59f5584-458d-4b2e-9e96-d991860a3f0a,Paolo,Halton,phaltonab@cpanel.net,M,Business Development
a9eb5646-da28-404e-9b68-696d45d26924,Sherlock,Gott,sgottac@yellowbook.com,M,Marketing
dff40dea-cc87-4ee7-8d9d-a3e4c8eb3542,Randie,Bilson,rbilsonad@diigo.com,F,Training
620b3af7-a2f8-4a19-9cbd-e50b74438523,Uriah,Dufer,uduferae@youku.com,M,Marketing
4db4f07b-ec70-4cae-9597-38b4bcf2c26e,Mervin,Chamberlen,mchamberlenaf@cyberchimps.com,M,Business Development
4afca1a6-7487-4977-8192-3462ce10765a,Nathalia,Pawlaczyk,npawlaczykag@craigslist.org,F,Research and Development
38000d4f-ac8c-414b-b21b-b7ed7099b6e8,Caro,Channer,cchannerah@jimdo.com,F,Legal
2211efb5-819e-443f-96d2-aabfad0564ad,Rodolfo,Coulthart,rcoulthartai@cornell.edu,M,Legal
a4e638ab-aa96-499b-b8b1-fdafa29a7c5a,Syd,O' Lone,soloneaj@discovery.com,M,Business Development
77c8dcab-ad4e-49e3-b43f-e48dfe8a1157,Valerye,Baysting,vbaystingak@si.edu,F,Product Management
ec0f9bc7-f4cb-43ff-91b4-9aaf2d996246,Ronica,Capron,rcapronal@gravatar.com,F,Engineering
47339b7f-bec6-4d14-b4d7-3d7f8a355f4c,Zelma,Bowmen,zbowmenam@odnoklassniki.ru,F,Legal
3419760b-1eac-4518-a6d5-c157f4294170,Auberon,MacIntyre,amacintyrean@godaddy.com,M,Product Management
b735f77b-df70-4f00-9359-ebb2fe0dbd30,Ailsun,Strivens,astrivensao@timesonline.co.uk,F,Product Management
995dfd30-e494-4ece-b0a9-23e2ab4f4f50,Corabelle,Cambell,ccambellap@senate.gov,F,Legal
b307cdc8-bf60-4ca2-9c28-addee99b8b3d,Kary,Diaper,kdiaperaq@ycombinator.com,F,Marketing
44e59a9f-fb71-412c-84b6-64a78bfc0e83,Starlene,Saiz,ssaizar@nydailynews.com,F,Sales
81427ff7-858b-4959-8956-f6bcb9cb3aa7,Janka,Coghlin,jcoghlinas@europa.eu,F,Engineering
8f5f58ed-4d49-4e30-8bac-258cb7127fb7,Marjie,Toon,mtoonat@hao123.com,F,Product Management
740aaf86-77a1-431f-a8d2-e37dd3f75dbd,Gil,Duplan,gduplanau@google.com,M,Product Management
fca450c0-9ae3-48c9-8ed2-032095e3806d,Carry,Rosenauer,crosenauerav@typepad.com,F,Product Management
a345a10b-14f4-4249-853e-4c22ebc86d48,Samara,Siegertsz,ssiegertszaw@imdb.com,F,Engineering
f27a11a0-ce76-4774-ba43-b286e91f0fb7,Shandee,Blackly,sblacklyax@furl.net,F,Product Management
17ef261e-07f1-4ac2-abf9-9b28a121ddec,Michaella,Enriques,menriquesay@unicef.org,F,Sales
6561a839-6cbd-4ea9-aa31-0fd655c9f7c3,Stan,Baudesson,sbaudessonaz@smugmug.com,M,Marketing
2ff931f5-b77b-4331-aaf1-4c5e9b313e30,Nicolis,Whiscard,nwhiscardb0@kickstarter.com,M,Product Management
e255e4df-d360-4f20-ac93-c73eb39d6e2a,Bryon,Wattinham,bwattinhamb1@foxnews.com,M,Sales
88ea6684-e49e-41ef-8aeb-1c3ab30b7d6b,Jere,Karlqvist,jkarlqvistb2@oakley.com,M,Support
ef9755c8-924f-4137-959c-cb8b4d8b08ca,Louis,Oldacres,loldacresb3@npr.org,M,Services
0e7b7115-892d-4636-9d75-1180743331ea,Jan,Heavy,jheavyb4@howstuffworks.com,M,Marketing
d4d2832f-7fe2-4345-920b-af1b3338631e,Isidoro,Phillipp,iphillippb5@com.com,M,Accounting
665af9e6-1666-449c-bddd-8e9d31787fc8,Lilas,Gornall,lgornallb6@ycombinator.com,F,Sales
441af38a-bb92-4d69-850f-1484b7ab9ca8,Florella,Corona,fcoronab7@npr.org,F,Legal
8d8efb27-1f5e-4cad-ab9d-8cf154ad0cfb,Rudiger,Hurley,rhurleyb8@flavors.me,M,Research and Development
b693eb5f-e927-4d49-9f02-930757d4741c,Arturo,Langlais,alanglaisb9@shinystat.com,M,Business Development
3025c89a-6651-46f2-83b4-ad81a71f565e,Fredric,Thurnham,fthurnhamba@mtv.com,M,Business Development
72c7d6a9-67da-4619-ad52-7369ea2e2b74,Huberto,Dufaire,hdufairebb@cdc.gov,M,Legal
23ac1490-673e-4170-8187-bdb79d979f00,Rahel,Deaville,rdeavillebc@google.com,F,Research and Development
e1dd4294-de42-400d-8e72-544e3d5ac16c,Ryley,Josselsohn,rjosselsohnbd@cbsnews.com,M,Engineering
54e6e586-a229-4b6f-b8f7-4d7b6c6bfb83,Anabal,Cotelard,acotelardbe@examiner.com,F,Legal
5513bedf-0b43-486b-b2f7-022286f29daa,Scottie,Sandbatch,ssandbatchbf@live.com,M,Engineering
0b2dae2d-ebc6-4004-8a53-7e04a880d626,Vladimir,Mc Coughan,vmccoughanbg@tamu.edu,M,Accounting
4c5c3518-7a44-47d8-adb9-2f6f4f9786db,Cindee,Given,cgivenbh@dell.com,F,Training
4f8d52f1-bb89-4af3-8f43-223fb56de8ea,Jon,Seekings,jseekingsbi@chronoengine.com,M,Engineering
6322a0b9-3153-4e29-a9b2-6449c7de0b5d,Joyann,Marzelle,jmarzellebj@indiegogo.com,F,Legal
104175d2-a84f-402e-a230-ac3888a0ad57,Elsa,Cluse,eclusebk@theatlantic.com,F,Engineering
f6247087-7085-4e02-bfc9-354b148e0ab3,Benji,Heineking,bheinekingbl@amazon.co.jp,M,Business Development
04d618a8-0647-4ce6-ace0-df8629ba8938,Randie,Boyton,rboytonbm@google.co.jp,F,Product Management
19b43fc1-ead7-40e8-a2df-2ff8e8ce6988,Marissa,Jedrychowski,mjedrychowskibn@miibeian.gov.cn,F,Services
fd112646-a345-46fa-9144-6a05e4a61342,Cary,Youtead,cyouteadbo@google.com.br,M,Research and Development
c6873c45-cdf0-434e-b098-6cafc1a68c77,Cally,Fazan,cfazanbp@twitter.com,F,Product Management
30696110-aaea-410c-a24b-e21079443b8c,Kaycee,Balleine,kballeinebq@wunderground.com,F,Research and Development
26ed10f8-6417-4a6e-a832-76ddecb81f9d,Joanne,Worters,jwortersbr@apple.com,F,Training
2f75d919-7d28-476c-96e9-322e175d714a,Hort,Collingwood,hcollingwoodbs@studiopress.com,M,Product Management
167c88b8-c847-4922-98a0-2054e7a7c5e6,Obadiah,Matyushenko,omatyushenkobt@rediff.com,M,Sales
95f694b1-ec0b-4503-b3c1-2ec0a4eb3f57,Tedd,Beceril,tbecerilbu@reverbnation.com,M,Research and Development
050a1bd6-e6d0-47e9-abd6-95f0ccda5805,Maximilian,Mottinelli,mmottinellibv@examiner.com,M,Services
cfda3c41-2f51-4f31-b01a-84fe72937382,Mareah,Schruur,mschruurbw@delicious.com,F,Support
50c322fa-e1de-4234-a4f4-ebeee9b9a46e,Mercy,Peare,mpearebx@nsw.gov.au,F,Product Management
ca269359-cb06-4af9-b252-bd5c985b9712,Worth,Stapylton,wstapyltonby@economist.com,M,Human Resources
18283c20-786f-4f91-b376-dd11889d9e01,Reine,Novelli,rnovellibz@sun.com,F,Product Management
b471d51b-243a-4e31-bdfa-c6f44089014b,Eric,Been,ebeenc0@miitbeian.gov.cn,M,Engineering
4671ddb6-8e84-438a-afc4-b55b5f924006,Josi,Schutt,jschuttc1@blogtalkradio.com,F,Sales
021d9b43-26d8-484c-8b09-229081f7845f,Miquela,Bearns,mbearnsc2@tmall.com,F,Engineering
a3baddd6-dc35-4b49-accb-ab904d851762,Nalani,Johnes,njohnesc3@china.com.cn,F,Legal
5a5f51ea-e88c-4e15-8783-7a473533f4cf,Horatia,Casale,hcasalec4@surveymonkey.com,F,Training
32ff4b5f-e207-49ca-bfc0-deb577abb45e,Belita,Quillinane,bquillinanec5@homestead.com,F,Human Resources
ede39194-6076-4a59-8489-dfcfa2bdc39f,Peadar,Trim,ptrimc6@google.com.hk,M,Research and Development
9d0da8fc-5703-4496-bbcc-7463ca71488c,Cathrine,Peiser,cpeiserc7@surveymonkey.com,F,Accounting
3d8aa4a1-e2f7-4ce0-b442-68d2a55e1e14,Tull,Calcutt,tcalcuttc8@shop-pro.jp,M,Marketing
9c5f8afc-f4a3-4aaf-8876-8efeb9639c17,Vikky,Louca,vloucac9@reverbnation.com,F,Engineering
59f90367-f9f4-4b8d-9350-6eacf110ce09,Stan,Aspel,saspelca@blogger.com,M,Accounting
93eeb570-998c-434f-8ce3-38035f87283f,Gabriele,Issett,gissettcb@scribd.com,M,Business Development
b79bf4ba-e0fe-4400-9fd3-ec7f9ae1ae6b,Roseline,Dewi,rdewicc@walmart.com,F,Business Development
f226b6c9-4c2b-4d71-97ae-5b1b929c7081,Dewain,Rushsorth,drushsorthcd@jugem.jp,M,Support
68b8ec09-1397-49e8-8231-d01e59cae0c3,Nadine,Bennetto,nbennettoce@studiopress.com,F,Legal
27af752c-3c0b-4266-8cf7-8bc454e5fbf3,Marthena,Nesbitt,mnesbittcf@google.es,F,Sales
7d000211-729b-4694-a397-c6ad27fedaa0,Lurline,Worster,lworstercg@cpanel.net,F,Services
a3e5eae8-f2f9-4e5c-8196-3f318df887ef,Cobbie,Lillyman,clillymanch@usa.gov,M,Product Management
bc630cd1-863e-43c4-90de-cb2a96c6f6dd,Bar,Bachnic,bbachnicci@miibeian.gov.cn,M,Support
ff742319-1be2-48e9-92cd-a28f0110362a,Kanya,Mower,kmowercj@g.co,F,Business Development
4802700a-87ec-46a8-83a0-a61f899825e7,Marya,Slaight,mslaightck@unblog.fr,F,Engineering
0cfc01bd-9ac8-4a5a-b189-24f012741ac5,Lukas,Foxwell,lfoxwellcl@paypal.com,M,Human Resources
4dad7295-700d-4003-8d1b-7d6046389fa4,Dani,Brunner,dbrunnercm@artisteer.com,M,Training
3e610b8a-8707-4d77-9e8f-774b0724cec9,Sheilah,Cavet,scavetcn@about.me,F,Research and Development
bd0dd3db-f268-499d-a18a-92dba7bb2ce2,Patricia,Parton,ppartonco@imgur.com,F,Legal
74259fd2-00be-47f9-95fb-916b23b93639,Humfrid,Howsin,hhowsincp@etsy.com,M,Human Resources
817667ee-4a77-4e71-9376-2fd96902b4b3,Lanna,Claricoates,lclaricoatescq@utexas.edu,F,Accounting
f049120b-0d12-4804-8167-3c7f3637797e,Juli,Abella,jabellacr@facebook.com,F,Accounting
731341ce-9635-47dd-a588-a7a032f53ee1,Burt,Rassell,brassellcs@parallels.com,M,Sales
c8af23f7-becb-4177-b016-699119a36994,Marian,Machent,mmachentct@theatlantic.com,F,Legal
de3a779f-a97d-43f5-8517-71ae6aef6d95,Hobard,Surr,hsurrcu@goodreads.com,M,Research and Development
a8b8c30d-fca3-4e3f-866c-95a6267e7d15,Michelle,Del Castello,mdelcastellocv@weibo.com,F,Marketing
ae8a6bf7-c845-49ec-8526-d67cee89ffd7,Frederic,Kleiser,fkleisercw@biglobe.ne.jp,M,Support
21c3db43-3d13-4f94-9f18-fac8d2cedbe5,Addi,Bollard,abollardcx@zdnet.com,F,Marketing
cd9b9281-0ce7-42f2-bd6a-7fbb7e4e026b,Erminie,Shearwood,eshearwoodcy@istockphoto.com,F,Business Development
ceb20bca-3692-4153-b291-c5142841bae9,Kele,Teanby,kteanbycz@cargocollective.com,M,Services
76220466-3c16-4f8d-b576-ee5f969f1ee4,Ivie,Muckian,imuckiand0@earthlink.net,F,Business Development
ced2331e-9e77-4cbf-a924-a318d2b531d8,Cornell,Hindrich,chindrichd1@wix.com,M,Sales
aad7202a-310e-4c9b-8ae5-cd72737a6baf,Rodrique,Peacham,rpeachamd2@walmart.com,M,Business Development
270e4d53-27e3-41ee-8ad2-4e6a92221c68,Frankie,Kyme,fkymed3@sohu.com,M,Product Management
55713756-022e-4bb7-831a-c7ff05245b73,Em,Shires,eshiresd4@nba.com,M,Support
08751079-9bc1-44ca-a25b-30088b7922ad,Dori,Nevin,dnevind5@yandex.ru,F,Sales
9bb605b6-0d6d-4e3f-8886-9f306eb8cf5e,Bondy,Spottiswood,bspottiswoodd6@gravatar.com,M,Legal
0d74b27e-2469-4084-95be-d4768753b03c,Doretta,Leathers,dleathersd7@abc.net.au,F,Human Resources
524366c2-ac1e-48ac-b866-9cc58376237c,Lillis,Caudle,lcaudled8@squarespace.com,F,Legal
54cb2a92-2b2f-49c4-844d-87534f525792,Eulalie,Scurfield,escurfieldd9@noaa.gov,F,Services
36a39e05-1a9f-44fb-aa94-be19ef258176,Isacco,Wicken,iwickenda@psu.edu,M,Sales
f99602da-a2c7-48b2-98db-2071e4e27175,Mason,Gurko,mgurkodb@indiatimes.com,M,Sales
ffe141cd-a92d-49db-a1a4-b48b12bbc6f5,Sylvia,Colgrave,scolgravedc@altervista.org,F,Training
50b80cc6-fcc0-477b-aac6-97ab277fab4b,Bernardine,Blasio,bblasiodd@discovery.com,F,Research and Development
e86789a8-7c7b-49d2-918e-4b679b459fe1,Arnie,O'Concannon,aoconcannonde@elpais.com,M,Support
70c7b0aa-babc-429f-8e81-38dd8c696a0e,Ennis,Rolston,erolstondf@clickbank.net,M,Accounting
65f47ca8-a781-4ffa-89c8-3f836706ab7d,Vito,Luca,vlucadg@dropbox.com,M,Human Resources
3919e920-6034-4a98-a583-a88f21ac9636,Brandy,Kennea,bkenneadh@mtv.com,M,Accounting
c3eb8f66-9bb3-41e5-81a0-af966b1ad1dd,Beulah,Osbourne,bosbournedi@boston.com,F,Marketing
2fb9c488-36fa-4ac2-baa6-ae4baf5a4a13,Walliw,Rozzell,wrozzelldj@tiny.cc,F,Accounting
b9f5cc92-6a44-4abc-a3ae-7d51ceda995a,Bird,O'Connolly,boconnollydk@blogger.com,F,Services
01fd6ce9-87fb-4131-b9e5-b1d0c3bc7812,Thibaud,Trevaskus,ttrevaskusdl@biblegateway.com,M,Business Development
f13e04af-30eb-4d49-84c3-85c34fcbb404,Gratiana,Shireff,gshireffdm@hibu.com,F,Legal
74e626cb-3653-4347-beae-272f98154e08,Joyous,Cristofari,jcristofaridn@diigo.com,F,Sales
1d1e095a-cd1d-4e09-86f7-b4c295a940b7,Dov,Mordey,dmordeydo@home.pl,M,Accounting
25197ae7-3bc9-4e1e-af5e-e76a61b9fb16,Rosana,Rishworth,rrishworthdp@live.com,F,Human Resources
4312313b-a121-4577-8673-acc5c56fe022,Hermy,Rodder,hrodderdq@miibeian.gov.cn,M,Product Management
1e7972fa-873e-4c99-bc2d-cb7eb58420c6,Tommy,Westrip,twestripdr@nsw.gov.au,F,Business Development
ebe3165b-7d9a-458c-bcd0-3d69ac3af7ae,Nariko,McElwee,nmcelweeds@ycombinator.com,F,Marketing
3dce833a-d367-4a32-9d9b-fce7524007aa,Bab,Pattinson,bpattinsondt@hubpages.com,F,Business Development
57b70147-7d81-4be5-8a47-832e8491a468,Alysa,Henrionot,ahenrionotdu@apache.org,F,Sales
99b8993d-1209-463f-b0e3-87235bf3f20a,Karine,Mattheeuw,kmattheeuwdv@eventbrite.com,F,Training
d7a6ca4d-6902-4807-a9ff-50fe18238ffc,Gerry,Dirr,gdirrdw@vkontakte.ru,F,Research and Development
6ee26332-b70d-47bf-8bcd-9ec11d9cdf05,Paulo,Horley,phorleydx@slideshare.net,M,Support
4d6927ce-d03f-4e84-a85e-0a11e50e7d4b,Sharon,Ruske,sruskedy@e-recht24.de,F,Services
2100ef6d-6f78-462d-be21-9d4557469aae,Aeriel,Saunderson,asaundersondz@webs.com,F,Engineering
ea0a037a-db64-4745-8340-9de5a4bc06cb,Cahra,Stickney,cstickneye0@google.com.br,F,Human Resources
8174e817-636d-4ec5-8290-22e85d325df3,Mischa,Jozsika,mjozsikae1@cloudflare.com,M,Engineering
670c809d-4cb2-4ddf-8ac7-a62d6dfe38f3,Osgood,Sollime,osollimee2@comcast.net,M,Marketing
f36d0d39-13b9-4216-9312-fd968fc55f86,Heddi,Clarkson,hclarksone3@nasa.gov,F,Training
a4fbfd1c-d67d-45df-b6c1-54f91553741a,Meryl,Shannahan,mshannahane4@eepurl.com,F,Marketing
ed28d045-cbe0-431c-a997-d62fce0b56fa,Karel,Weeks,kweekse5@jalbum.net,M,Support
9cd66c80-bafc-44ec-bd97-cb4f94c7086a,Ettore,Crohan,ecrohane6@is.gd,M,Sales
daa13432-68c0-4a0c-bb1a-2b883b79d562,Tiffanie,Avon,tavone7@examiner.com,F,Sales
8fcb8ae2-ac49-4a3c-be0a-cf0601ab3e23,Glenine,Willoughway,gwilloughwaye8@hexun.com,F,Product Management
08b020bc-162e-43a2-ba88-5d523ea431e2,Maris,Sissland,msisslande9@hud.gov,F,Training
6a18b0fd-c579-40b3-9e7e-dc2b3b7aafd8,Fleurette,Cluse,fcluseea@edublogs.org,F,Engineering
eb01cf0c-b683-4584-8fea-4ad5b065891c,Noelani,Sievewright,nsievewrighteb@yellowbook.com,F,Sales
b905a1f7-f45e-4770-a174-83ef1d2b16b7,Deena,Kellen,dkellenec@cisco.com,F,Research and Development
ee2d4891-ab3a-44b5-a68a-55533e9dd87a,Jacki,Faber,jfabered@theglobeandmail.com,F,Engineering
3ef4521d-6399-4fc6-ab96-13fa9ca65df6,Prent,Camies,pcamiesee@jugem.jp,M,Product Management
76712ca3-6035-4084-9953-d47111cbc54f,Wylie,Simeoli,wsimeolief@github.com,M,Engineering
c41a8a5f-da93-40e3-80e5-dd08337977df,Efrem,Jozefczak,ejozefczakeg@salon.com,M,Support
bc9d0bda-af85-4da8-9a9d-6bcd788ae777,Livvie,Kluss,lklusseh@de.vu,F,Engineering
77ce87b8-c85a-4bfe-bd78-df388e3b9d1c,Kat,Pawlowicz,kpawlowiczei@delicious.com,F,Product Management
cb76670e-7488-427f-a6ad-9f4bdc83e543,Adan,Broader,abroaderej@squarespace.com,M,Engineering
860dbdba-39f8-466b-a525-b0044bc74e81,Dimitri,De La Hay,ddelahayek@topsy.com,M,Accounting
05b3f58d-1da6-49b5-9610-33a41c1c5d75,Bianka,Hayball,bhayballel@webmd.com,F,Product Management
e9ca286e-9561-4058-a9b0-4d82dd695824,Garry,Mariotte,gmariotteem@umich.edu,M,Product Management
2a422554-dc74-4adc-adf2-ae9f163ed135,Willis,Bunker,wbunkeren@whitehouse.gov,M,Engineering
7db2cd3c-c3c8-4643-928e-bee8f5117e27,Adlai,Omrod,aomrodeo@nytimes.com,M,Business Development
2faefa92-d653-4f9b-b46b-2f6522aeae70,Pavel,McKew,pmckewep@drupal.org,M,Accounting
40bcfb80-55d5-4fd5-a54f-9d36b536e7bb,Iosep,Franssen,ifransseneq@unicef.org,M,Engineering
d3841d8c-1b3f-4bac-85ef-38db6b8325df,Lauren,Cozens,lcozenser@sciencedaily.com,F,Support
cf5a5343-e4e9-4404-84b0-db3504fc3175,Perry,Crone,pcronees@weebly.com,M,Sales
e19dc097-0850-4de8-b210-766838b05f13,Kimmi,Switsur,kswitsuret@usa.gov,F,Support
f7aa73fe-ce19-4758-8faf-4bdacb1d89d7,Ole,Burdass,oburdasseu@chronoengine.com,M,Human Resources
3584b0fb-301a-4da4-b1ad-578e7bce17c3,Loralyn,Clemes,lclemesev@archive.org,F,Legal
ed77001b-41b3-4167-b8e6-ce58a36c0688,Bell,Thiolier,bthiolierew@freewebs.com,F,Engineering
314c69cb-45dd-443d-9774-0e253eb17a66,Nelli,Matussov,nmatussovex@hostgator.com,F,Product Management
c87f7813-c08c-4350-9395-7022061ca6c1,Angelique,Witchalls,awitchallsey@altervista.org,F,Engineering
7cea1c5f-69e5-496f-b97e-f3b785914341,Anthea,Pohls,apohlsez@hibu.com,F,Research and Development
6cb1ccb3-d5c0-4b1a-81f3-8dd86d4ae3f8,Quinn,Glason,qglasonf0@illinois.edu,F,Product Management
e7d93e7e-0d40-49d8-9b58-caf48ad92f0c,Rriocard,Bigland,rbiglandf1@github.io,M,Legal
ae2c79b6-342a-4601-a0ed-40e9cc589f4c,Sayer,Sweetsur,ssweetsurf2@sbwire.com,M,Sales
a781460b-c958-4ebd-b7a5-2f3184f58873,Bennie,Cancellieri,bcancellierif3@google.com.au,F,Research and Development
6d2df2ab-f25d-41cb-a038-ed13d2f52bbf,Janifer,Bowditch,jbowditchf4@twitter.com,F,Support
b7818c86-d6c1-4798-ad97-3eca72ba4a76,Waldon,Madden,wmaddenf5@ucoz.ru,M,Business Development
9f9a090b-57d1-427e-9ac2-fe7eedd55438,Gonzales,Coniam,gconiamf6@ustream.tv,M,Legal
a46bf07c-d99b-4b12-a4a3-bd7bd8d3f3e9,Steffane,Cerro,scerrof7@engadget.com,F,Marketing
b5210143-c9eb-4b7a-a14a-7d33fef9f871,Willamina,Tatters,wtattersf8@howstuffworks.com,F,Human Resources
2b2a9933-8da7-4be8-99f5-6acf16070b13,Kim,Cowmeadow,kcowmeadowf9@quantcast.com,F,Accounting
b1d9f9e3-d93f-4bfe-8335-0199a1236729,Noel,Pretsel,npretselfa@diigo.com,F,Business Development
c67ab493-4598-4bb9-b966-37da49f900cc,Ernst,Fitzsymon,efitzsymonfb@weebly.com,M,Services
e1cd3494-ec8b-4156-94ef-63a13b68df89,Tades,Tidd,ttiddfc@paginegialle.it,M,Training
121fb600-b5ec-47b8-b103-787d964313e2,Tomaso,Bielefeld,tbielefeldfd@scientificamerican.com,M,Marketing
b548904b-7a2a-4655-90a7-a919b6f88653,Theodora,Wooder,twooderfe@zimbio.com,F,Legal
a99c21bf-8515-4fad-8d85-6a6751a83c01,Nadiya,Aronoff,naronoffff@princeton.edu,F,Business Development
45e325a4-14d0-47c4-a2d2-dc432c7f2197,Nari,Gue,nguefg@360.cn,F,Support
4576bc5b-392b-4eac-a16b-0071aca4843a,Florance,Berling,fberlingfh@zimbio.com,F,Engineering
a74d70ae-29e6-4008-ad7f-c4c31b0de314,Ingrim,Kingscote,ikingscotefi@friendfeed.com,M,Support
9d2dab2f-d1e7-4fdb-942a-744502555a6a,Wren,Thaxton,wthaxtonfj@bandcamp.com,F,Marketing
5e8d9950-3dfa-4d93-9eb4-6c4772a6e8f4,Yul,Hannon,yhannonfk@answers.com,M,Accounting
ec0c3aca-372a-4669-a32d-fb4cb091992c,Dallas,Lampkin,dlampkinfl@ebay.co.uk,M,Sales
5504c394-f706-4880-978a-c661a174de21,Marleah,Ardern,mardernfm@goo.ne.jp,F,Marketing
72b099d2-cc03-4730-8aa3-d89d7cdb1651,Tobias,Knowller,tknowllerfn@istockphoto.com,M,Accounting
d48637cc-856b-4741-8019-8a45e69e3673,Virgie,Campos,vcamposfo@google.de,F,Marketing
ca7e41a2-3752-4b46-bea6-8f266a667065,Dominica,Jendrach,djendrachfp@pagesperso-orange.fr,F,Support
99f907f5-85f2-4c72-b157-008d39dcc62c,Eli,Coneybeer,econeybeerfq@youtu.be,M,Services
24a628b5-3e6a-4991-8c03-7f14f9bd1545,Launce,Falla,lfallafr@free.fr,M,Human Resources
555b5e59-1ced-4467-a21f-dee709703fe1,Ruthi,Ehrat,rehratfs@salon.com,F,Support
34940019-dcab-4fc3-ac8b-3755e1768efc,Elga,Boothroyd,eboothroydft@msn.com,F,Accounting
d8e5a8db-64da-4c16-a7f1-c89cea9b4877,Thedrick,Winspur,twinspurfu@gmpg.org,M,Engineering
1f3d53ee-e84f-4637-9b37-9599a18edf2d,Diane-marie,Aneley,daneleyfv@cnet.com,F,Product Management
83f28d7a-6945-488a-bc36-ed1625b5bfbb,Iseabal,Brain,ibrainfw@ameblo.jp,F,Product Management
65abf334-4bf0-4bd1-a73c-4d73d4c01f30,Quinlan,Cantero,qcanterofx@furl.net,M,Sales
c3a79039-0029-42ee-9c18-44d7e11ebfa4,Web,St. Ledger,wstledgerfy@ft.com,M,Product Management
755c7184-5230-4ff3-87a8-cd9b3702b29a,Erminie,Tomaszewicz,etomaszewiczfz@oaic.gov.au,F,Support
a675c50a-b930-4844-9853-07a68e3ca4d7,Terrence,Peat,tpeatg0@businessweek.com,M,Accounting
fc0d8f05-5176-4f52-863c-ea853cd82c59,Ellyn,Longfield,elongfieldg1@example.com,F,Business Development
8660e85e-72dd-4188-8587-029b782db028,Nathan,Stert,nstertg2@cafepress.com,M,Legal
401f40c6-a75d-4c95-b0be-ce5c39e16e56,Zaccaria,Beagan,zbeagang3@seattletimes.com,M,Training
1bb06298-5a6f-4425-bb56-42c756c2568f,Augustine,McGruar,amcgruarg4@1und1.de,F,Marketing
0f0712f1-a71e-4133-ab42-d65f220a62e9,Darbie,Bowcher,dbowcherg5@slashdot.org,F,Product Management
0c98fd92-e887-4ac9-872f-7ec503058a4f,Fayth,Flye,fflyeg6@edublogs.org,F,Marketing
a33a6e29-d27d-497a-8252-57f36dc30f80,Ahmed,Goatcher,agoatcherg7@washingtonpost.com,M,Business Development
03c2e796-14e8-47ce-82d2-a2dfac269726,Fayette,Scyner,fscynerg8@plala.or.jp,F,Services
ea3c6300-3c23-4344-8f04-9934fc5a5d99,Rosalinda,Rennels,rrennelsg9@bbb.org,F,Accounting
49703db8-22ed-48c8-a308-f192d521729d,Dotti,Macek,dmacekga@jimdo.com,F,Business Development
162412fc-0a53-4973-ab3e-440ca109de2a,Noam,Staveley,nstaveleygb@gov.uk,M,Engineering
b2e4c4f0-6aaa-4e36-b630-06d1401d2540,Cassie,Drinkeld,cdrinkeldgc@drupal.org,M,Sales
160b0383-0109-49f9-81bb-79f0144b4a2c,Garrik,Seydlitz,gseydlitzgd@ehow.com,M,Accounting
30f0f5f5-da56-4095-bd6d-a7763ab31921,Thornton,Maidstone,tmaidstonege@domainmarket.com,M,Legal
e2cbfe5f-a5fc-4248-a7ae-8d06c50dfbc5,Marielle,Plott,mplottgf@zimbio.com,F,Research and Development
aedbdac5-0669-47bd-92e9-6fc6acb55daf,Nicolina,Marcombe,nmarcombegg@last.fm,F,Human Resources
30e50e98-48d5-4b86-936f-7c8c5a756980,Cathrine,Rilton,criltongh@diigo.com,F,Business Development
68851e69-f1df-477e-99d9-d3ea418c79f3,Rubia,Streetfield,rstreetfieldgi@printfriendly.com,F,Business Development
cfe54ef9-6d25-4401-b764-70251c636545,Ara,McCloch,amcclochgj@vinaora.com,M,Engineering
c9ff60a9-ddc4-4f3f-8a6a-74b0cd179f41,Edythe,O'Criane,eocrianegk@noaa.gov,F,Support
14ba3362-305a-4b38-802e-2b08b9befb6e,Will,Baudou,wbaudougl@dailymail.co.uk,M,Support
c63a7245-1bf1-452f-84aa-da666a060f0d,Nikita,Biernat,nbiernatgm@fastcompany.com,M,Human Resources
06e92060-93a0-432f-85e7-5cc342aaa145,Isadora,Lawie,ilawiegn@mit.edu,F,Training
39934d44-f0d5-4a73-a230-27faa006878f,Jennifer,Cantua,jcantuago@ox.ac.uk,F,Research and Development
73584d1b-d2f5-4617-b3f6-97dbba0f867d,Julienne,Redley,jredleygp@last.fm,F,Support
add9abd2-3e16-4263-86e4-a87903d4d927,Tommy,Fausch,tfauschgq@sourceforge.net,M,Training
805c7f89-096e-4abd-ac47-9476789356db,Ward,Billes,wbillesgr@cbsnews.com,M,Accounting
2d7546ee-49bc-451f-8e11-19aefb9e646b,Ali,Walkden,awalkdengs@ebay.co.uk,F,Engineering
12a1182f-16df-4fd6-a850-3d2ce0895300,Wilone,Brood,wbroodgt@upenn.edu,F,Research and Development
87188269-13b8-4694-92fb-c119108d84bd,Carmon,Ferreira,cferreiragu@nationalgeographic.com,F,Support
cddc6b54-9cc9-4664-a21d-e017b31a5853,Wain,Bowerbank,wbowerbankgv@artisteer.com,M,Marketing
6b1dfa44-a31a-4895-8e4e-f5200602b9c0,Brianne,Pointer,bpointergw@sciencedaily.com,F,Support
7829e564-1990-4e8e-9f8a-42bbfeb2a07b,Johny,Gallen,jgallengx@hud.gov,M,Marketing
e3ee3164-6484-4978-b855-b4b4059a3629,Brennan,Lakeman,blakemangy@gravatar.com,M,Product Management
7e05c308-22d4-499d-84d4-bb4e8f94e45d,Eldredge,Suttling,esuttlinggz@ask.com,M,Legal
3b98bc46-9bfc-4109-b210-000d16dd04e7,Kingston,Dumbrall,kdumbrallh0@nba.com,M,Business Development
18e6b96f-6d59-4aa0-81b5-c074ab167c9c,Gallard,Jedrzej,gjedrzejh1@cbsnews.com,M,Engineering
1050fd96-5a3b-49f7-8504-ebe8273b58db,Jessie,Shuttell,jshuttellh2@gravatar.com,M,Product Management
6f8d27ed-73bc-4240-9874-1db330f80bb5,Bucky,Quaife,bquaifeh3@sciencedirect.com,M,Marketing
dccf3a47-37a8-4f34-866e-3622b2f6c4ec,Kettie,Bredee,kbredeeh4@youtu.be,F,Research and Development
6463b982-ec10-4593-a181-539a8783009c,Emmerich,Gorriessen,egorriessenh5@alexa.com,M,Support
82566105-84d6-4aa5-bfd4-1f153851c173,Shayne,Huntar,shuntarh6@sitemeter.com,M,Sales
803cf78e-43d4-4530-a33f-092f8d5066a8,Gardie,Goudman,ggoudmanh7@list-manage.com,M,Support
779bcd97-703d-41aa-860d-cfc94927226a,Frederica,Riddeough,friddeoughh8@weebly.com,F,Research and Development
55422fe0-10fd-4712-ab34-49469464b932,Cornela,Davidde,cdaviddeh9@loc.gov,F,Support
5ed66736-473a-4440-a0bc-7e2da5b0721d,Sibley,Woodger,swoodgerha@mashable.com,F,Legal
ef71c10d-e9c9-4f11-87db-cf488d9d439e,Hyacinthie,Learman,hlearmanhb@nasa.gov,F,Services
bd4b5684-36bc-4813-afe4-f2a672fbf1ff,Brewer,Roadknight,broadknighthc@amazonaws.com,M,Support
f97a0dca-9585-41d6-aa8c-dd61a200caa2,Olav,Billion,obillionhd@livejournal.com,M,Services
b29e820e-36b5-4645-81b8-d0e03be0cfac,Westbrook,Allston,wallstonhe@forbes.com,M,Business Development
db1d92f6-0fb6-4905-9941-e3351b7d3408,Leta,Heeney,lheeneyhf@example.com,F,Business Development
434c5053-401d-470d-8a9c-0d655a48de95,Sheree,Waulker,swaulkerhg@tripadvisor.com,F,Research and Development
b509d9f4-d562-4436-b219-c85be84b9d4b,Janeva,Karpe,jkarpehh@bizjournals.com,F,Human Resources
8694e798-0b89-496c-acc1-6adcfe69fab4,Gerard,Shearman,gshearmanhi@geocities.com,M,Legal
dffbc8aa-d427-4ef1-9f21-af0dfd0740f4,Arlan,Hymas,ahymashj@facebook.com,M,Accounting
f8ab83cd-202f-47d5-a459-86210d954fbc,Lorraine,Goodbur,lgoodburhk@angelfire.com,F,Legal
e5538663-7a2f-40cc-88d7-9abd6b056c41,Barrett,Passby,bpassbyhl@blogspot.com,M,Accounting
b71bd020-9b42-4a50-835c-39d012d1fad5,Pace,Iianon,piianonhm@godaddy.com,M,Support
f9beb0db-c4c9-4530-a37b-c2f53c24535a,Dosi,Itzkovitch,ditzkovitchhn@usnews.com,F,Accounting
f2cc34a5-bc28-4133-9e82-fae8618baa1c,Blithe,Tesyro,btesyroho@dmoz.org,F,Support
8e9c2b89-dd77-4884-a8f6-4b1c94123110,Wilden,Dinsdale,wdinsdalehp@independent.co.uk,M,Business Development
dc71a633-18ad-4aea-97d5-805fb7b16dbd,Sheba,Leese,sleesehq@scribd.com,F,Human Resources
657c2ca9-6fff-4100-bd93-fee7d78fdb86,Caren,O' Meara,comearahr@lycos.com,F,Services
93b6a1ed-028b-4c33-90ac-5bd847c8eb62,Nobie,Seligson,nseligsonhs@columbia.edu,M,Services
249a2384-d213-48ea-87a4-8272cbd1a038,Belle,Atton,battonht@123-reg.co.uk,F,Accounting
f08e5927-3c6c-4976-a30e-3076d80463c6,Charlton,Brittin,cbrittinhu@uol.com.br,M,Marketing
4db01a37-9592-41b5-8438-297d051e7a8e,Cleo,Hartness,chartnesshv@ft.com,F,Legal
91a0513b-fe75-4fe9-842f-8a4715c94e8e,Stephine,Oakes,soakeshw@livejournal.com,F,Marketing
72cd7653-80f6-4cd0-9dd4-1d5058f05035,Angel,Corner,acornerhx@washingtonpost.com,F,Research and Development
d11567d0-0b5c-4cf2-abe4-ebfff1072fdd,Jard,Claessens,jclaessenshy@google.co.jp,M,Marketing
daf7b31c-62d0-4216-974b-66dc04de50d9,Mikaela,Clemmensen,mclemmensenhz@topsy.com,F,Marketing
84dcbbd3-4fb1-45b4-b07f-5642cac371a3,Prentice,Polendine,ppolendinei0@slideshare.net,M,Sales
47f05d59-79f0-450d-9a66-80cc428e5b8d,Siward,Echalier,sechalieri1@creativecommons.org,M,Marketing
58a6ad26-f06c-47ef-9a7d-e5cd651ca5fc,Kelbee,Henrique,khenriquei2@mapquest.com,M,Research and Development
a6e797d4-ac7b-470c-a47d-311108beaa0f,Alexandra,Thorrold,athorroldi3@nytimes.com,F,Training
a2cee37c-6861-4b22-abc7-978e5f6ffd27,Felizio,Crocket,fcrocketi4@hibu.com,M,Product Management
50967414-2545-44cc-ba3b-4f67e244a0e7,Noe,Layman,nlaymani5@squarespace.com,M,Research and Development
e6b2a650-ef9e-4098-bc82-1ba4cbda1b37,Lindon,Petrollo,lpetrolloi6@dailymotion.com,M,Engineering
021f9447-86f8-4cf3-bb54-66f14a5881db,Der,Orts,dortsi7@facebook.com,M,Marketing
beef153d-0ea5-4bf5-96dd-b6879439befd,Birch,Lanon,blanoni8@e-recht24.de,M,Engineering
2d01be10-020e-4cf0-8173-3c71295a2c79,Fabian,Diehn,fdiehni9@sciencedirect.com,M,Support
83fa477e-f579-46c5-ad05-a2cca133bc92,Dalt,McMullen,dmcmullenia@flickr.com,M,Product Management
50642198-7435-4c9f-8857-2c13421af3f0,Ania,Barge,abargeib@redcross.org,F,Sales
213047c1-4f97-4b03-a312-6c2b3d814f6b,Cody,Torfin,ctorfinic@yale.edu,M,Training
6589062d-d9d6-4378-8384-ba2c46bc9d1a,Killie,Clulee,kcluleeid@unesco.org,M,Business Development
56d7d5f8-8d3e-4511-9e49-c17a3311ecd1,Vail,Kullmann,vkullmannie@examiner.com,M,Marketing
5ed9e920-a850-44c9-bad0-fae8236cbbad,Boot,Adriaens,badriaensif@behance.net,M,Engineering
fd5f1718-4d07-44bd-8965-743864fcf89e,Johnath,Durand,jdurandig@facebook.com,F,Human Resources
802f1e42-1966-492c-ac6c-35e6958f1198,Neall,Pedersen,npedersenih@weibo.com,M,Engineering
29c7d1f9-a4ce-4650-9806-a898e904a89b,Doralia,Mussalli,dmussalliii@about.me,F,Legal
b5be393c-30d8-49b1-8ba5-4b37416ee804,Norrie,Wabersinke,nwabersinkeij@jiathis.com,F,Research and Development
6f345fb5-039e-49b1-a645-ca1bbc3b1283,Tripp,Gillitt,tgillittik@bizjournals.com,M,Product Management
334a5141-045c-49b0-9714-14100b4719f2,Darya,Slatford,dslatfordil@alibaba.com,F,Research and Development
717bd34c-ac66-41e3-b780-4f66d7a951f9,Clemmy,Frammingham,cframminghamim@sakura.ne.jp,M,Marketing
f162bea5-f86b-4084-bf4d-a06abbe6a14f,Bord,Mahy,bmahyin@yellowbook.com,M,Product Management
e19f1b04-08f2-4790-b454-218e1450bf38,Elnar,Garrod,egarrodio@biblegateway.com,M,Sales
a08fd865-ed28-4f21-8b03-6336cbd55bd2,Genni,Verlinde,gverlindeip@sciencedirect.com,F,Support
bbfff09d-076d-4de0-86ad-da8b24ce101d,Lee,Loveredge,lloveredgeiq@ow.ly,M,Training
0a5f9be9-76da-400d-a112-f286c254e122,Dredi,Berzen,dberzenir@g.co,F,Training
08f30f48-7862-4f17-8fea-fab990a365a2,Tani,Meiner,tmeineris@hao123.com,F,Sales
4dfcffd7-4ccb-4f3c-bb7f-2a58a6115882,Dario,Pourveer,dpourveerit@ox.ac.uk,M,Marketing
0c20b27e-c4bd-4bf8-813e-998497be82e6,Dulcinea,Bragg,dbraggiu@123-reg.co.uk,F,Legal
6c87b5e5-328c-40e5-89c2-e81e5917eeae,Nap,Whimpenny,nwhimpennyiv@google.com.hk,M,Legal
7db832ac-0469-4eb3-a732-3ca84d80c08e,Greggory,Mooring,gmooringiw@netvibes.com,M,Support
3db41abe-1e93-4101-88ed-9ad28aa425e2,Orelia,Hebron,ohebronix@amazon.co.jp,F,Human Resources
6649097a-ee2a-4574-b807-0e2fc27cb859,Patrizia,Conry,pconryiy@webeden.co.uk,F,Research and Development
c7048c75-2324-4de3-94cb-5aad067bae5e,Daile,Cockling,dcocklingiz@cbslocal.com,F,Research and Development
01d3355d-97e1-49a5-9bef-f439d0e5329e,Jeffy,Breewood,jbreewoodj0@cloudflare.com,M,Marketing
1d95659e-a2f2-4387-929e-7624fdd07a4f,Sorcha,Tanzer,stanzerj1@opera.com,F,Marketing
247679f0-a8b3-46ea-8829-849a5c11daa6,Bambie,Ludye,bludyej2@topsy.com,F,Accounting
694335ad-82ce-4c87-8647-6c2e1b954e15,Hildagard,Boddice,hboddicej3@ow.ly,F,Marketing
d47adc4c-a2e7-4d55-a2ff-c0c12a36ea55,Novelia,Josifovic,njosifovicj4@huffingtonpost.com,F,Accounting
a4494906-5d1d-4209-81a0-3956e93d8582,Lucky,Stivani,lstivanij5@dell.com,F,Business Development
4bdaebc0-d003-48e3-8e4d-39e1fd5d906a,Nerta,Youens,nyouensj6@a8.net,F,Research and Development
be605bce-2349-438c-ac76-d30966b7818e,Butch,Ferreri,bferrerij7@economist.com,M,Business Development
926dbd17-31e2-4bfd-8e0a-af370e9076b1,Sloan,Philpotts,sphilpottsj8@list-manage.com,M,Product Management
636d4c8a-f470-47d4-b3cf-3cd38713e31c,Patricio,Niessen,pniessenj9@goodreads.com,M,Product Management
75c504e6-b7d2-4aa9-ae02-23f8ed368dbc,Georges,Garms,ggarmsja@msu.edu,M,Accounting
0a517651-a51d-469b-9afb-9bad7b0ccbf1,Latrina,Cescot,lcescotjb@google.co.uk,F,Business Development
d2cfe067-8eeb-41fc-a56a-e4f2a2c45586,Quinn,Coaker,qcoakerjc@phpbb.com,F,Engineering
529dc266-c6bf-42fd-9c39-8a3dab1df4a3,Leslie,Gowdie,lgowdiejd@hp.com,M,Product Management
bf0c6a28-eebf-4c74-bb2c-1846d4d62a23,Chane,Curwood,ccurwoodje@gnu.org,M,Support
bb4c15e4-34fb-4deb-b1f3-2cf07ef0c9b6,Judd,Brunicke,jbrunickejf@blogspot.com,M,Training
259a9e58-d604-4da3-b242-235b40ea6e6f,Caz,Brindle,cbrindlejg@nba.com,M,Accounting
852c201d-1471-4fed-8a95-e677b8d11a5e,Aubrie,Guierre,aguierrejh@homestead.com,F,Training
b8d4a33d-79c3-4190-b5ee-f5286e3e5cd6,Sidonia,Bartomieu,sbartomieuji@angelfire.com,F,Engineering
eddda10a-d944-4648-bf79-a395606bfd85,Wylie,Guilloton,wguillotonjj@domainmarket.com,M,Services
5ca3ae53-6d86-44b4-9103-1949ca98d22e,Patsy,Patrick,ppatrickjk@dagondesign.com,M,Research and Development
1809fb0e-54fa-498a-b0f1-378daf717127,Cacilia,Dreghorn,cdreghornjl@yellowpages.com,F,Engineering
88fb721e-e191-452c-8307-a03e6a9795c9,Viviana,Scaife,vscaifejm@flavors.me,F,Accounting
6ceae166-6850-4906-9fd9-2c08cec52eb6,Fredek,Sandaver,fsandaverjn@mtv.com,M,Research and Development
e31ca1dc-51ce-416c-807e-269918c0fbe5,Marsh,Busswell,mbusswelljo@instagram.com,M,Sales
d5764743-6f02-4a23-9657-bc2b7e5b4fbc,Major,Biasetti,mbiasettijp@google.es,M,Business Development
30939a61-f6ac-45b8-a766-708c15639679,Tonnie,Tuppeny,ttuppenyjq@t-online.de,M,Human Resources
f65b8f5a-7af5-4eb8-bb45-adef3d327522,Esra,Cuss,ecussjr@hatena.ne.jp,M,Services
c2e4770d-c889-444e-8370-7ee062a96198,Birgit,Schubart,bschubartjs@businessinsider.com,F,Research and Development
659ba6a4-c0d7-4514-a00d-0c7d519d4605,Pierette,Gomersal,pgomersaljt@npr.org,F,Product Management
87f749ed-ff9a-4243-bd46-cfa46eba693b,Geralda,Bewshire,gbewshireju@umich.edu,F,Sales
5fc89e67-2240-48e6-861e-78d0de5fcf01,Simon,Postlewhite,spostlewhitejv@ucoz.com,M,Business Development
c3374880-e8bf-4829-988a-bb880fc01d6e,Delia,Planke,dplankejw@paypal.com,F,Accounting
d4e3e924-edc9-4420-a9ca-bd9164be3ddc,Berton,Sweeny,bsweenyjx@discuz.net,M,Research and Development
6b8a1ec0-aafa-44cf-b71c-aeb82555fca8,Kristina,Tarbatt,ktarbattjy@gravatar.com,F,Services
2b8b5ec3-267b-41c1-8a0f-99e7879ff2cd,Hubey,Harbin,hharbinjz@home.pl,M,Services
4d578f9e-951a-4b24-8f94-aa274cc093c3,Nedda,Honacker,nhonackerk0@engadget.com,F,Accounting
1c91b5ed-bb26-4415-b7d6-157b1188c98a,Vivien,Paulusch,vpauluschk1@pbs.org,F,Engineering
807d8d64-5108-4812-8347-e8f125cbc7c5,Bessy,Sappson,bsappsonk2@vimeo.com,F,Services
2620f905-1423-4f11-9716-510ed3d83d2f,Dennis,Du Hamel,dduhamelk3@ed.gov,M,Product Management
2c1707d1-fbc8-47e9-8ba4-5de5b881ce64,Salomo,Lowrie,slowriek4@indiatimes.com,M,Human Resources
3a1b4731-369f-400c-9add-62486047b0d0,Kiri,Wingate,kwingatek5@wunderground.com,F,Services
ef211cc0-d3aa-447f-aa5c-e5c70879524e,Pembroke,MacDearmaid,pmacdearmaidk6@creativecommons.org,M,Services
a52b8630-5726-4b5a-a112-a473bdfc21d3,Lenka,Wigelsworth,lwigelsworthk7@msu.edu,F,Human Resources
09a5002a-5842-4847-ab42-d8cbf3c2db41,Deni,Bradtke,dbradtkek8@spotify.com,F,Business Development
66848cc9-e5e1-4338-9c22-fc7db83d54ab,Algernon,Willisch,awillischk9@cmu.edu,M,Sales
0a26e5c3-d3ea-432a-b2ac-824b091af391,Kerstin,Adriaan,kadriaanka@mac.com,F,Services
2c589645-edf8-40f6-b801-5a91a7295322,Eilis,Paskerful,epaskerfulkb@ycombinator.com,F,Business Development
6438977d-9158-4543-8e2e-afdb251bc9ce,Phaedra,Ianson,piansonkc@fda.gov,F,Product Management
1efa28c5-88cb-47ba-9e67-81e6da48fed5,Cynthea,Collelton,ccolleltonkd@wix.com,F,Sales
abf48031-c701-4815-88ed-2ce52803c5a4,Judy,Manvelle,jmanvelleke@weibo.com,F,Support
e52d4703-ac0d-4ba7-84a8-97eb4da6a87e,Kele,Johnston,kjohnstonkf@fema.gov,M,Services
70aad32b-1baf-4d56-83bb-21c9dc4465b2,Ignaz,Riccelli,iriccellikg@msn.com,M,Accounting
b1370729-fe4d-4c5d-98d4-5d771e686cc1,Kati,Duignan,kduignankh@zdnet.com,F,Legal
c226d575-bc0c-4896-863e-1f7b659e0ba0,Gladys,Scowcroft,gscowcroftki@google.de,F,Engineering
1aeb1916-2a7d-4b3c-8451-bd39db7647af,Boone,Rainford,brainfordkj@wikia.com,M,Support
adefe396-1c65-41a8-9ef2-c1d81779ca1e,Boris,Blagburn,bblagburnkk@whitehouse.gov,M,Support
78011763-1f5b-4664-bfca-ac88e7c48070,Lynette,Balden,lbaldenkl@pcworld.com,F,Support
972804e9-df84-4c08-a62d-4436ecf83ab4,Nevsa,Anthonsen,nanthonsenkm@smugmug.com,F,Training
da131942-532a-49a7-af2c-4f5d3e8ab7ec,Cash,Gilson,cgilsonkn@ow.ly,M,Business Development
b2b405e8-ecab-427b-a599-ad8a7a941dc3,Arch,Kitchingman,akitchingmanko@deliciousdays.com,M,Services
4e08f239-cf5b-435c-aa58-9e6ceabc6417,Elliott,Gumery,egumerykp@comsenz.com,M,Engineering
6602f96b-0ea3-4613-a2af-0d6f1f943725,Edie,Minchinden,eminchindenkq@liveinternet.ru,F,Research and Development
5c123c3c-0159-4c17-884c-81d55b7d3082,Imelda,Irvin,iirvinkr@icq.com,F,Research and Development
ebd03f35-3477-4e5b-a2e5-f5b288f8f912,Andres,Edworthye,aedworthyeks@yellowpages.com,M,Services
ae72570f-216b-4599-a1f8-c0aefb86438e,Bruno,Woollhead,bwoollheadkt@youku.com,M,Product Management
3e50434e-eb2b-466f-87b8-dd9699eeb427,Markus,Dunne,mdunneku@nymag.com,M,Accounting
05e46aae-db35-4793-a13a-db33a0d3933e,Belle,Goaley,bgoaleykv@google.co.uk,F,Engineering
4056b5b1-741d-4e2a-8787-2d9089b50076,Brier,Sommerly,bsommerlykw@facebook.com,F,Business Development
e1fd30b2-c18c-4025-942d-bfb604e5937e,Nicolina,Hefford,nheffordkx@intel.com,F,Engineering
5000ee12-6ca8-4712-b65c-623bd9076b8f,Norrie,Probets,nprobetsky@globo.com,F,Services
277c0b9a-6aaa-4e82-9648-23b2754bbd8e,Averill,Gilbody,agilbodykz@dailymotion.com,M,Legal
e63b4bb9-7d95-4a7f-a5ca-9203622031e7,Dionne,Tregoning,dtregoningl0@pcworld.com,F,Marketing
6e41a082-d2e8-4fce-88ed-7ccd4eeaecd1,Nate,Borzoni,nborzonil1@list-manage.com,M,Legal
023201bd-fb7b-4d83-aa61-3370565b7560,Brnaby,Taffarello,btaffarellol2@youtube.com,M,Services
d3403647-3cbc-44de-a2e1-7f5274bcc139,Kirsti,Richardon,krichardonl3@mozilla.com,F,Engineering
2b542b72-72b4-49c3-b806-4563845314c0,Frank,Bowbrick,fbowbrickl4@t-online.de,F,Engineering
44db573f-1838-45f7-a660-8c0e9d4a2eb3,Libbie,Hardbattle,lhardbattlel5@marketwatch.com,F,Product Management
ec38240a-5c21-45f2-a91d-dc44e190827f,Moishe,Schober,mschoberl6@behance.net,M,Accounting
67d120ae-0cba-4e6d-a4f3-145b269e9211,Bobinette,Wynett,bwynettl7@odnoklassniki.ru,F,Product Management
a11adf4c-4e4a-4cec-9f98-cbe4f2286877,Antonella,Shawyers,ashawyersl8@berkeley.edu,F,Support
3b4ba9c1-0d25-4321-8474-97fba90f5eb7,Melessa,Sprason,msprasonl9@narod.ru,F,Marketing
08019570-a89d-4e3a-acd4-0f12652e00b9,Rolland,Delagnes,rdelagnesla@hibu.com,M,Support
519578b0-717b-4d06-b869-4371136741e7,Sauveur,Timmons,stimmonslb@japanpost.jp,M,Services
8fc73fd8-4f82-4a38-9050-f6a36f8281e7,Modestine,Drury,mdrurylc@msu.edu,F,Research and Development
2b0f608a-7d49-4573-b078-daef319ab69d,Shel,McClinton,smcclintonld@indiegogo.com,F,Sales
401e0fd0-5299-49d8-b874-98f73f0546a9,Gradeigh,McGrotty,gmcgrottyle@ameblo.jp,M,Research and Development
c4ae6976-2b6c-4114-9ee8-b4a9adfd8a2f,Wat,Venner,wvennerlf@geocities.com,M,Training
ba0e72d4-adc4-454e-a72a-2e2c977e3d75,Lem,Duckworth,lduckworthlg@seattletimes.com,M,Engineering
14d8fe8a-f1ed-416e-b208-58ec75b90433,Tatum,Huard,thuardlh@flickr.com,F,Human Resources
848d6d88-ee4f-4bd0-9b29-42894a4ad2df,Godiva,Derkes,gderkesli@nasa.gov,F,Research and Development
3afa14f9-3224-4452-9525-8beee144c4f9,Marilin,Rushe,mrushelj@hibu.com,F,Training
599275c1-e561-44eb-8bef-675a1cb8f68c,Stafford,Friedank,sfriedanklk@epa.gov,M,Sales
b1a5f107-9427-4972-b247-38e03aef36dc,Nicoline,Martusov,nmartusovll@linkedin.com,F,Accounting
8c895e0c-03a7-4e7b-95b0-563aecce773d,Stern,Sorel,ssorellm@posterous.com,M,Legal
27262229-84f1-4eae-8ad4-4ac51ab3de11,Hyacinthia,Pauleit,hpauleitln@amazonaws.com,F,Marketing
5ade88f7-b88b-43da-8458-6259c6790ef6,Noreen,MacCole,nmaccolelo@oakley.com,F,Support
53f06ff3-ebcf-4224-95a6-fc42fbc1ec1c,Ignaz,Deville,idevillelp@myspace.com,M,Legal
1e816822-e8ff-4df5-ae7f-fd449410bc55,Gayla,Pemberton,gpembertonlq@zdnet.com,F,Product Management
ca94b56e-2103-4b51-932b-19cda03c3b19,Renate,Skyppe,rskyppelr@odnoklassniki.ru,F,Business Development
aaca3cdc-771d-4c0d-af02-14a4a733fc7a,Damien,Lortz,dlortzls@cmu.edu,M,Product Management
08bba5b2-bf66-4cec-86cf-8bced68d9855,Donna,Darnell,ddarnelllt@joomla.org,F,Sales
f9bbccd9-4512-454a-89b6-3fb2af2a7f2c,King,Gillean,kgilleanlu@eventbrite.com,M,Business Development
6d347119-dc65-4823-9c6d-a873467c7277,Umberto,Leworthy,uleworthylv@bravesites.com,M,Engineering
3b2b5b97-e718-46bf-96f2-962cceff25ad,Leroy,Chomiszewski,lchomiszewskilw@slashdot.org,M,Product Management
2eb9bf43-ccec-4f21-a895-cceca352af29,Aleda,Offill,aoffilllx@cnbc.com,F,Research and Development
7776e2c7-bd16-4688-9ac0-c29bc20912cd,Lillian,Jacobsohn,ljacobsohnly@vistaprint.com,F,Services
fc331917-be53-4cb8-82f9-6fa406946d9d,Vinnie,Golston,vgolstonlz@theglobeandmail.com,F,Product Management
ac4b7826-0f09-4272-b0e6-c06d0950d3a9,Alvan,Gellion,agellionm0@wp.com,M,Product Management
ee23ced8-ee1a-4fa5-8b1b-455c4a1723a7,Danna,Saddleton,dsaddletonm1@china.com.cn,F,Human Resources
654b48be-d67a-4414-9685-67184e87ae80,Susana,Smallcomb,ssmallcombm2@java.com,F,Marketing
962ccb10-770d-4517-8936-424bf3948dce,Massimo,Chippin,mchippinm3@fastcompany.com,M,Marketing
91b542aa-cf53-40be-a568-bce77703c4ac,Ferne,Dene,fdenem4@wp.com,F,Human Resources
351587dd-3f15-4b9d-84a8-d6fb265cb335,Wandie,Gotcliffe,wgotcliffem5@google.com,F,Business Development
8b177fd4-221d-45d6-9b5b-54d2edf92a16,Rosemaria,Jansema,rjansemam6@weibo.com,F,Marketing
fb4746b2-8696-435c-830a-30d3740376d4,Rodrick,Skewes,rskewesm7@senate.gov,M,Sales
adaab314-f9a7-4b46-95f8-3e5267390df1,Gussy,Worling,gworlingm8@kickstarter.com,F,Training
68380f79-f7f1-4bfe-8633-7d66a53f5fd6,Saunders,Lillee,slilleem9@desdev.cn,M,Sales
724454e0-80a0-4a97-a2d4-5e143c0a5e23,Merell,Tooley,mtooleyma@walmart.com,M,Business Development
b8cc3ee9-0f79-4b03-a159-fa0a40e7d64d,Charley,McSkin,cmcskinmb@example.com,M,Product Management
1dd4d884-9dc0-483c-9c06-cd43025c30e8,Leanna,Cameron,lcameronmc@tripod.com,F,Engineering
3b1a3b51-fb89-43af-8731-4d98bab22c64,Casi,Pettett,cpettettmd@ftc.gov,F,Support
2f5ec178-9154-4ea3-9e9e-6dcb106e0db2,Conroy,Laminman,claminmanme@google.co.jp,M,Accounting
13ed6a8a-059d-44b1-89a0-d4449bea6e62,Obadiah,Kopfer,okopfermf@geocities.com,M,Services
9e2b49dd-ec30-408d-b20a-9128ba57df17,Evvy,Fairbourn,efairbournmg@mapy.cz,F,Accounting
b0fc0874-592b-4b83-90bf-b803be5b6d6f,Kelli,Birdfield,kbirdfieldmh@e-recht24.de,F,Legal
3f7c0779-df73-4d93-ad4b-48485cb2f93c,Haskell,Syer,hsyermi@patch.com,M,Human Resources
846d2512-6d05-442c-8b5d-65641692cc7f,Ilene,Berg,ibergmj@techcrunch.com,F,Engineering
264ca02e-857e-43e2-96b8-d846ed1a7dd1,Davita,Claybourne,dclaybournemk@state.tx.us,F,Training
e0e23034-1ca0-4f57-b250-e5619b58be0b,Mame,Dreus,mdreusml@qq.com,F,Business Development
4ff07d08-b03f-4463-be76-355e8fd85a23,Patricia,Greystock,pgreystockmm@spiegel.de,F,Human Resources
cf5d23ac-1797-4a21-9875-10fc32857b73,Gar,Mongin,gmonginmn@vk.com,M,Services
48258199-fa46-47d9-acc4-c111f4e25bb0,Juli,Buttwell,jbuttwellmo@odnoklassniki.ru,F,Legal
35c7e5b5-5a10-4851-a8df-cd791b8b8663,Kristyn,Moseby,kmosebymp@adobe.com,F,Legal
77548e3b-069f-4479-a837-b4a1416f8271,Shannan,Calcut,scalcutmq@woothemes.com,M,Accounting
e7753e22-356e-4161-ab8e-596fe94dd89b,Lindsey,Fawlkes,lfawlkesmr@ebay.co.uk,F,Engineering
faef45ff-1d82-422e-acb4-31adbdb836e5,Tobye,Brende,tbrendems@smh.com.au,F,Accounting
3147065d-70d3-40d7-9d52-cec9c98c0a8f,Davide,Treamayne,dtreamaynemt@flickr.com,M,Business Development
00809fff-cee8-46f6-a59d-e651d8559652,Mead,Heeps,mheepsmu@tripadvisor.com,M,Sales
3ff25bff-d527-4f25-bfd9-eaf2fd244318,Elisabeth,Coopper,ecooppermv@purevolume.com,F,Training
3d4ae44d-6b60-4cf3-a658-e19e6ad8590e,Murdock,Huster,mhustermw@house.gov,M,Product Management
1ae7f121-623d-4a27-b7af-c2611ec638a3,Fidole,Dunckley,fdunckleymx@drupal.org,M,Marketing
d0caef1d-e0de-4bb1-90c8-f9b8960e48a0,Germaine,Goldie,ggoldiemy@feedburner.com,M,Services
8d0eb2a9-dad5-4e67-93f0-c14911660bcb,Pietro,Hasard,phasardmz@macromedia.com,M,Engineering
9288a3ee-328c-4aec-bbbd-dde38036e0a2,Bevon,Langstone,blangstonen0@buzzfeed.com,M,Marketing
4f35fcfc-3856-46f7-9239-cc92f35a80d7,Kilian,Durden,kdurdenn1@skype.com,M,Human Resources
4cd23872-3c1d-4b89-a3f1-137784381099,Marisa,Stigger,mstiggern2@about.me,F,Engineering
0e44ed07-406b-487e-9696-31d5c21c1e4f,Chad,Marmon,cmarmonn3@mtv.com,M,Product Management
b601563b-583e-4548-9e83-3b9e6995d364,Morly,Fake,mfaken4@yale.edu,M,Business Development
e2062aa5-2a4a-4eac-a60e-9bb98311ac42,Roxane,Redfern,rredfernn5@patch.com,F,Human Resources
e6f4b788-42be-494d-a2fb-7b8cde5d9b58,Angelle,Gavan,agavann6@blog.com,F,Support
ce6d060f-a595-4769-b481-af452df58926,Ardelle,Oakhill,aoakhilln7@fc2.com,F,Support
dc391fb5-ab6a-45f3-8a6e-4d8351782d07,Nissie,Peddar,npeddarn8@dedecms.com,F,Research and Development
8328487c-7072-4c49-a122-8ba1994ea380,Blanch,Humpherson,bhumphersonn9@usda.gov,F,Sales
9ee3b141-4f63-4306-9d40-dea110717bde,Penn,Spreadbury,pspreadburyna@intel.com,M,Services
32c583ae-4f1f-4cc5-ba8e-e2e6ab9d44b5,Antonina,Fellowes,afellowesnb@xing.com,F,Business Development
9438f815-6d3d-4341-b751-3a7dfebbddee,Costanza,Deaves,cdeavesnc@marriott.com,F,Marketing
415037bd-6190-4cd9-b1cf-cf63be1b83fb,Bamby,Gniewosz,bgniewosznd@nsw.gov.au,F,Training
44dd76bc-2c58-4fe2-8e8b-a2bdc3b1c82e,Raphaela,Kingwell,rkingwellne@nhs.uk,F,Research and Development
59baf77e-3379-469e-82d1-4fe9f45be6a7,Jemmy,Wildblood,jwildbloodnf@globo.com,F,Training
ace03871-e3ab-46bf-9746-8ca12526a138,Merwin,Dubery,mduberyng@cmu.edu,M,Training
3e88a4a6-7932-485b-a95e-1888377432a6,Glennis,Swendell,gswendellnh@ca.gov,F,Sales
710a2a43-1d0f-4c53-b4b6-b6f4df7c84a9,Tommie,Deverell,tdeverellni@adobe.com,F,Support
75af2cd9-90c2-4f5d-a652-eb2759683d7d,Markos,Corbitt,mcorbittnj@furl.net,M,Training
cf8a088e-6e6c-4b29-bd78-8439023c9d31,Nertie,Elms,nelmsnk@ucoz.com,F,Support
e768c705-780a-426e-99cf-0a02917cebb6,Phillie,Wimlett,pwimlettnl@zimbio.com,F,Human Resources
49bb9203-826a-48ee-bc44-65405af623c5,Armstrong,Dorot,adorotnm@nps.gov,M,Training
76296300-7061-4a8f-b383-d7a20705e2dc,Rebbecca,Merrisson,rmerrissonnn@topsy.com,F,Business Development
1e5863f9-247b-4396-8728-c1f4a16de3fc,Quintana,Whittier,qwhittierno@comsenz.com,F,Business Development
a0ec4b70-e163-4766-9733-7f02edb242ee,Killie,Noury,knourynp@github.com,M,Services
3f91e21b-590c-4ed8-852a-3eeeff364a6e,Tadd,Kesteven,tkestevennq@bloglovin.com,M,Engineering
3aed92bd-e686-4632-b30e-aa9923172829,Christalle,Yerborn,cyerbornnr@stumbleupon.com,F,Research and Development
fef04c0a-64e0-4153-947e-b1c458ba214c,Patrice,Reimer,preimerns@pagesperso-orange.fr,F,Human Resources
d1fa5a54-3f9d-45a1-a7a7-759beeb7188d,Corrie,Mallaby,cmallabynt@pcworld.com,M,Research and Development
93c3fc53-d27a-44d5-a4ed-7b260457866d,Nicholle,Rosedale,nrosedalenu@mapquest.com,F,Accounting
898ad89b-66f1-491a-8213-4cca012e1f9c,Kalle,Bugg,kbuggnv@utexas.edu,M,Sales
dea9cd6c-898e-4253-959e-0a567ec5dfc7,Gussie,Newlands,gnewlandsnw@hostgator.com,F,Engineering
7d45f610-2cb4-4a8d-8fa5-6c41c5a9ce5a,Louis,Lody,llodynx@histats.com,M,Training
dc2f3141-0aa2-447b-a9b0-b24e5a638864,Jourdain,Bruhnke,jbruhnkeny@reference.com,M,Sales
6b3bfdde-16d7-4ecb-902d-e3dfbb9e4897,Marietta,Bamford,mbamfordnz@pcworld.com,M,Sales
e6b271c1-c180-471f-a536-d6896516ac16,Joela,Lewcock,jlewcocko0@taobao.com,F,Engineering
dac7e171-164e-4f47-96e1-844d034ab05e,Jackelyn,Tace,jtaceo1@mapquest.com,F,Engineering
5af61373-14a5-42fc-8d74-31ba8ae5af25,Lolly,Riseborough,lriseborougho2@people.com.cn,F,Accounting
6c7780e2-83fa-4339-b6f1-8b7eaa26dffd,Barry,Parmiter,bparmitero3@va.gov,F,Services
328b4e5a-eb02-47d2-97d5-6166ca50ecae,Haleigh,Gier,hgiero4@telegraph.co.uk,M,Services
887c248b-e00a-46ee-b12a-8469a432eb6f,Hershel,Ormiston,hormistono5@cdbaby.com,M,Human Resources
447d599b-7664-43bb-8605-d5ce60308df2,Loy,Stollmeier,lstollmeiero6@state.tx.us,M,Legal
f577a76d-06b0-438d-9b56-a53bb692b2bf,Emilio,Poser,eposero7@dedecms.com,M,Human Resources
5079f482-4b84-4b7c-94ac-9fd04bda19c1,Renado,Yurenin,ryurenino8@google.it,M,Support
f4d564d7-0ee6-4977-8672-756476a5e168,Lorinda,Really,lreallyo9@constantcontact.com,F,Training
30c66503-126f-4cd6-9e22-0bcab3ded9ac,Mycah,Brugmann,mbrugmannoa@simplemachines.org,M,Marketing
96de66e3-8aa9-499d-a8ad-ecb6e42c2998,Aline,McClunaghan,amcclunaghanob@comcast.net,F,Sales
a88fd052-55ad-40cc-80d1-503a2e78b39a,Clio,Dauncey,cdaunceyoc@issuu.com,F,Training
ee6de241-92f3-487d-b808-b431ec729a1a,Rici,Hollingsbee,rhollingsbeeod@theatlantic.com,F,Support
0c572f81-7261-424d-b90b-5151cea60527,Aymer,Corinton,acorintonoe@pen.io,M,Engineering
647fb6fc-48fc-4ae8-bdd5-aa801517b918,Nola,Bengal,nbengalof@huffingtonpost.com,F,Engineering
a87f137a-de37-4c13-af1f-63642c33eca0,Remus,Chadderton,rchaddertonog@prweb.com,M,Legal
18449d90-9a3b-4b1f-9d38-96e7df157859,Ambros,Eddis,aeddisoh@artisteer.com,M,Legal
bf9ebe88-829c-4605-b956-7950f667b446,Charissa,Jobe,cjobeoi@weather.com,F,Training
a8921161-9b59-44ca-b0a1-36e48d90707c,Sidoney,Damp,sdampoj@ed.gov,F,Marketing
4fed91e2-cc10-454f-8b33-70d8fefeb379,Kiele,Scates,kscatesok@wordpress.com,F,Sales
fa7a8c07-a464-4666-a976-0c15dee05338,Lorry,Andrivel,landrivelol@dot.gov,F,Engineering
65a8cdad-c603-4ef7-8309-63848e327f92,Coleman,Syddie,csyddieom@ovh.net,M,Engineering
27a7bdea-dbd5-483d-8be1-1c5e61e3b94a,Bartholemy,Leon,bleonon@mediafire.com,M,Services
b67087ca-7d04-4282-9117-826f4c4782eb,Dara,Brokenshaw,dbrokenshawoo@cdc.gov,F,Accounting
9806ee14-4276-4778-9824-34d827899df7,Darbie,Bittlestone,dbittlestoneop@forbes.com,F,Support
118a2814-88e0-4f15-86e9-3b4ce1f3c2a3,Gunter,Corain,gcorainoq@upenn.edu,M,Sales
634e0736-9791-4004-8367-07d999ffcfb3,Griffie,O'Fogarty,gofogartyor@sohu.com,M,Training
a4e42932-4a6e-47ba-969a-4340e855fe84,Stephen,Lauchlan,slauchlanos@reddit.com,M,Marketing
44061a2c-3233-4b3c-898c-04f6c51702dd,Crosby,Grouse,cgrouseot@engadget.com,M,Training
c81e6686-6a3d-45b4-821c-389b841c690a,Celinka,Rentenbeck,crentenbeckou@vinaora.com,F,Business Development
6a83c548-1c9b-415c-95bd-05c2155aa381,Erek,Coners,econersov@bloglovin.com,M,Human Resources
1f407f64-a498-4bcd-b7a7-2dd3b7262b9e,Maje,Huggon,mhuggonow@gmpg.org,M,Legal
6d0aca04-236f-4af7-9cf4-b02a68ae8dd3,Vonni,McCully,vmccullyox@pagesperso-orange.fr,F,Business Development
99e06969-bb4e-45de-82b9-90084c00f244,Torrance,McQuillan,tmcquillanoy@wsj.com,M,Accounting
35e4616c-5b9c-4592-bb50-16b2c11bf0f1,Yovonnda,Bizley,ybizleyoz@cnbc.com,F,Research and Development
60536c52-653c-413c-b0fa-6b0ffa9a021d,Audrey,Buff,abuffp0@usatoday.com,F,Legal
9b43d02d-ce8b-4a5e-8d02-eaa85d385795,Gustav,Relfe,grelfep1@a8.net,M,Marketing
6d873781-3698-4d72-8077-50babeb091ba,Elsie,Lyness,elynessp2@w3.org,F,Accounting
080786fb-7f68-452b-8c26-42c200735c67,Tracy,Reeson,treesonp3@hud.gov,M,Legal
b69e2d9b-965c-4934-aadd-e35c48d5e942,Brucie,Whittle,bwhittlep4@skype.com,M,Sales
bbe3c5ea-dcd3-4ac5-92f6-6943b6a6fa73,Crista,Illingsworth,cillingsworthp5@youtube.com,F,Support
24767f0d-ecbc-461f-8a8c-5ae08abb9940,Regen,Vescovini,rvescovinip6@gravatar.com,M,Services
ffc39ad1-b49f-4868-bb9c-fdbb92897ea9,Barnabas,Vaskov,bvaskovp7@ox.ac.uk,M,Product Management
f1dac9b9-c535-4bc1-a609-ad4f35f5e084,Falito,Tregonna,ftregonnap8@geocities.jp,M,Accounting
f587f1a3-2ac5-4d9e-ac8d-e0d252b81cc5,Iona,Beeken,ibeekenp9@nbcnews.com,F,Human Resources
b24ea0cd-3865-4231-b706-f047de8c8faa,Drud,Yoakley,dyoakleypa@pcworld.com,M,Legal
b280222d-1212-4124-b027-9b571ad0c8a7,Cynde,Mayne,cmaynepb@yellowbook.com,F,Human Resources
21938f28-3f52-4ca3-bdf7-e64c3d276120,Holly,Loweth,hlowethpc@icq.com,F,Legal
bb0f8e92-314c-4fd9-9dbd-27ab7216a2bb,Laura,Mullender,lmullenderpd@yale.edu,F,Legal
cd5aff48-b528-4e44-a3f1-10c874021907,Francoise,Snozzwell,fsnozzwellpe@dagondesign.com,F,Support
6943e76d-4b0a-4a7c-ba15-1c27b7e1dcf3,Maryanne,Waren,mwarenpf@histats.com,F,Business Development
a2bd8227-ee15-4336-91fd-c1d0f9a35f22,Madella,Upwood,mupwoodpg@eepurl.com,F,Research and Development
2fca6177-e828-4de2-9b83-06939a98829d,Daron,Molineux,dmolineuxph@issuu.com,F,Services
b539dfa6-1e1f-4c4d-97d4-f6d77f3d515a,Valery,Quoit,vquoitpi@seesaa.net,F,Business Development
ab58b8cd-d48c-45d9-8ee7-42241c5f3d9c,Lyndy,Delgadillo,ldelgadillopj@linkedin.com,F,Accounting
93e91e88-ec25-4a0d-a4e7-4da43c27657e,Jaquelyn,Clempton,jclemptonpk@princeton.edu,F,Sales
82ac891e-9536-424e-ad12-1a0ea24b6bb2,Ailee,Amoss,aamosspl@mayoclinic.com,F,Research and Development
93bc73fa-e26b-4f7d-baf5-6df876acd491,Ethelred,Pawnsford,epawnsfordpm@is.gd,M,Research and Development
df8e44e9-d2da-41e1-9682-592abd334784,Milton,Elnor,melnorpn@cam.ac.uk,M,Training
6148d7bf-d406-4654-b7a6-5be212c18003,Clement,Tuny,ctunypo@studiopress.com,M,Sales
0bf69ca3-ce38-4184-956d-dcbe76f1f8b7,Ruddie,Josselson,rjosselsonpp@ft.com,M,Marketing
d165c96d-ee14-417f-855b-f51dd894284a,Ericha,Nasey,enaseypq@ameblo.jp,F,Product Management
43d22fad-edab-496f-8477-34a21da0130e,Christine,Fairbairn,cfairbairnpr@creativecommons.org,F,Research and Development
247216a3-0da4-4734-8aa0-f158f744ae34,Decca,Mudge,dmudgeps@washington.edu,M,Product Management
f68fbf18-81ef-47c0-b408-e767ad7fe9cb,Udale,Belliveau,ubelliveaupt@gravatar.com,M,Research and Development
c9102273-70c7-42d7-914d-f0368bf8da38,Robinia,Tudge,rtudgepu@geocities.com,F,Human Resources
c860dc26-73a2-4731-af34-1bd4a2e9344d,Dewitt,Sellek,dsellekpv@nifty.com,M,Services
39be67d5-21b3-4371-8a0e-a96845f4187f,Georgie,Gethins,ggethinspw@jalbum.net,F,Sales
45be5fc8-348a-4d6f-ac62-4ba34da17156,Jeffrey,Haberfield,jhaberfieldpx@amazon.co.jp,M,Research and Development
9147dbdd-dd9f-4a97-81f2-e4d1c8fb81aa,Brigg,Fawssett,bfawssettpy@cbc.ca,M,Marketing
36e88256-108b-47b7-adc9-edd64104808f,Dyann,Dunan,ddunanpz@state.tx.us,F,Business Development
ffa41fa6-c352-4fb0-b159-273238de210f,Doll,Gittus,dgittusq0@friendfeed.com,F,Business Development
b237ecb6-5bac-4b06-bb5f-e35ebffa24ea,Sheryl,Sweedland,ssweedlandq1@parallels.com,F,Sales
c7ef8434-3e1a-414e-96c4-4a0b05d76821,Reynolds,Hinks,rhinksq2@businesswire.com,M,Support
4672c3e2-d3de-408b-887a-43895b814e94,Dorena,Rowler,drowlerq3@mashable.com,F,Business Development
912d4a43-8aea-424c-92ce-d233c0ac5cbd,Fredrick,Rubinov,frubinovq4@list-manage.com,M,Sales
5c9d2af5-bbf4-4e74-9f00-8cd879605adb,Kaleena,Algate,kalgateq5@cam.ac.uk,F,Product Management
fa54ef22-f2c0-4009-98e4-ede03e17909b,Allina,Kopp,akoppq6@mapy.cz,F,Training
a510adb7-21ed-40cb-9500-b1c951e47645,Mitchel,Alenichev,malenichevq7@ucla.edu,M,Legal
441a28ec-7d27-4703-a42a-918d3def917d,Nicolis,Lindeman,nlindemanq8@yahoo.com,M,Training
e78f35cf-de7c-4ede-bde4-c1587953e3d5,Truman,Louden,tloudenq9@tamu.edu,M,Business Development
a12deb24-0fa6-4a99-8bd2-be6cce1fda79,Jerrold,Champkins,jchampkinsqa@usa.gov,M,Engineering
395c1e12-fff1-45ed-a113-31698beddf58,Siana,Penhale,spenhaleqb@ted.com,F,Marketing
c21e7d83-59d0-4897-b79b-9a7b3ce3202a,Roxane,Bleesing,rbleesingqc@de.vu,F,Services
6bebc9ca-4335-4a79-baf0-c47f750069bc,Terrijo,Chatin,tchatinqd@unicef.org,F,Accounting
21f18502-7cb6-4b23-a8b7-038b2f6a505e,Buck,Roe,broeqe@washington.edu,M,Product Management
6d55082b-ec82-4810-9905-f5681a241d84,Liv,Riddeough,lriddeoughqf@dmoz.org,F,Engineering
eceeaef6-3427-4505-9316-b9bf695556b0,Marylee,McCarrison,mmccarrisonqg@live.com,F,Legal
ff15d343-8a8b-434c-a03c-e4d6a415f775,Gabey,Ariss,garissqh@businessinsider.com,F,Accounting
44c48824-bc64-45ba-8ebd-0aacc32fde36,Liva,Ashling,lashlingqi@so-net.ne.jp,F,Legal
2cff64fc-091c-4b31-b5f0-8cb63eefb1c3,Maggy,Windrus,mwindrusqj@parallels.com,F,Human Resources
359eb26b-8c31-4d9c-8edd-5d36debbb2d5,Maria,McEwan,mmcewanqk@samsung.com,F,Support
d47b436c-5ffd-4753-b77f-9ef989280c1f,Patin,Dowty,pdowtyql@networksolutions.com,M,Engineering
9ecd1aa8-0273-42eb-8bd4-64b24f605ee9,Kelley,Yakushkin,kyakushkinqm@vimeo.com,M,Legal
cf7948cc-b9a1-4b30-97cc-19b3d5f0ae39,Rutger,Rohfsen,rrohfsenqn@google.pl,M,Support
310fdc55-28fe-4b40-a8b9-81685522403e,Nobe,Hussy,nhussyqo@mapy.cz,M,Research and Development
1ffe2873-4389-4960-a721-6dd8ec9d8806,Alasteir,Churchley,achurchleyqp@lulu.com,M,Human Resources
12293ef0-54fe-4880-a1a9-63b4af6fafa0,Janela,Duffield,jduffieldqq@reuters.com,F,Marketing
1610d2a4-beed-48de-b82a-d5bf6e56195c,Gabey,Camerello,gcamerelloqr@liveinternet.ru,F,Human Resources
616297ca-4988-4322-ae55-29af4769cb93,Fernande,Overington,foveringtonqs@usgs.gov,F,Human Resources
567bf64b-446e-4ead-b95c-286fa39a601a,Silvie,Flahy,sflahyqt@ted.com,F,Marketing
7facd4ef-ca56-4614-82a3-50f6329743fa,Georgiana,Bettenay,gbettenayqu@nhs.uk,F,Business Development
b0bae114-65c1-4435-9c6d-4a0152f5a311,Jaquith,Brakewell,jbrakewellqv@cnbc.com,F,Sales
49856944-d402-4e80-b0ee-bb0793e34074,Vanni,Forrest,vforrestqw@tumblr.com,F,Business Development
35a52dc7-4263-4856-90dc-13f7679b0afb,Wylie,Alberti,walbertiqx@feedburner.com,M,Research and Development
930b8cef-0bdc-4dfa-ab13-7f9598fcf33e,Yorgos,Curnucke,ycurnuckeqy@omniture.com,M,Training
00656e59-ed87-4bcd-8bb7-e76a8c287752,Sawyere,Miles,smilesqz@imgur.com,M,Accounting
c38c5e9f-5d00-4b04-8e4b-776050d102cf,Quillan,Corbitt,qcorbittr0@techcrunch.com,M,Marketing
9dcb603b-d401-4b41-b6df-4774b11cb05a,Fitz,Vayne,fvayner1@nifty.com,M,Research and Development
6ec6ecf3-d63d-4372-bc38-bdd6e9eb2599,Huey,Gossington,hgossingtonr2@guardian.co.uk,M,Legal
95527538-1bf1-469a-a98c-7ef26a618d75,Wash,Adcock,wadcockr3@cmu.edu,M,Services
d0a88f8b-e9ae-41d6-8121-35db8918330b,Carola,Benjamin,cbenjaminr4@blogtalkradio.com,F,Training
207968a1-fbf1-455f-a413-0ea8b23ea1d4,Torrance,Whittam,twhittamr5@unicef.org,M,Legal
49b1d991-f4b3-4cad-8ff2-76178de8e0e5,Janice,Bigby,jbigbyr6@hexun.com,F,Research and Development
943b40fd-a001-41fe-b7af-e766d9d8a521,Mace,Malling,mmallingr7@1und1.de,M,Business Development
79687164-4976-4b44-a1c8-be413eceeca2,Yardley,Avey,yaveyr8@webs.com,M,Legal
1fc9839a-19e0-4602-9a64-0f3519d59745,Harmony,Damsell,hdamsellr9@wunderground.com,F,Services
54657bde-0f64-46cf-a589-d646d363d0f6,Hulda,Fishly,hfishlyra@ucla.edu,F,Research and Development
c1295bd1-f8e1-45b8-8922-7d96a04dbb88,Cortney,Callan,ccallanrb@bizjournals.com,F,Legal
c350507b-9ddd-41e5-98cc-4cbd76f7b9ad,Zaneta,Licquorish,zlicquorishrc@xinhuanet.com,F,Product Management
6d4bce5f-4a51-4ce3-9b35-04bb978ef761,Hyacinthe,Eslie,heslierd@washingtonpost.com,F,Legal
9cc002fd-53ce-429d-8712-a3bff456b71f,Ruddie,Semorad,rsemoradre@desdev.cn,M,Support
05847210-7e8a-47d1-a188-ed955f0b8669,Caddric,Royste,croysterf@mysql.com,M,Services
837ea063-0419-4c3b-8d97-a1e1f3a4502c,Marjy,Prium,mpriumrg@comcast.net,F,Engineering
152350e5-5ca7-42d5-b1dd-31f055efcbce,Ronda,Esberger,resbergerrh@macromedia.com,F,Support
92a5a2bf-6916-427d-8b91-75b50b4faac5,Rancell,Stainson,rstainsonri@stumbleupon.com,M,Business Development
211992ac-5d0f-45e0-a0d0-de833114c95e,Loreen,Sparshatt,lsparshattrj@state.tx.us,F,Accounting
1aa7fa4a-e57d-4ef2-a52d-e84400ceab04,Ida,Summerill,isummerillrk@shareasale.com,F,Services
deb8bac4-86f2-496f-98fd-42a051d4868c,Aurelie,Saffon,asaffonrl@bloglines.com,F,Sales
60b02baa-b103-4e4f-9e18-ef38f6021d44,Marlyn,Grayley,mgrayleyrm@printfriendly.com,F,Services
7033c8fa-7e1a-427a-a31c-5bdb3a515411,Gretal,Mathey,gmatheyrn@vistaprint.com,F,Research and Development
abf9da6b-008a-43ad-babe-2e68cd456e7d,Leif,Kerwick,lkerwickro@digg.com,M,Human Resources
dd2f97f0-12b5-4e14-b55d-10d452044d43,Cassondra,Gallico,cgallicorp@4shared.com,F,Engineering
f4dea2c2-2be6-4913-a9b8-ecfb583c9757,Clerkclaude,Howsam,chowsamrq@nyu.edu,M,Product Management
9cc3e8eb-84c7-49f3-a270-9d9d8ff9922b,Malory,Tower,mtowerrr@storify.com,F,Services
